week,Zip,crossover,svi_label,condition,n_assigned_automated,n_assigned_manual,mean_perc_filled_assigned_automated,mean_perc_filled_assigned_manual,mean_has_race_ethnicity_assigned_automated,mean_has_race_ethnicity_assigned_manual,mean_has_employer_assigned_automated,mean_has_employer_assigned_manual,mean_has_gender_assigned_automated,mean_has_gender_assigned_manual,mean_has_sexual_orientation_assigned_automated,mean_has_sexual_orientation_assigned_manual,mean_has_language_assigned_automated,mean_has_language_assigned_manual,mean_has_signs_or_symptons_assigned_automated,mean_has_signs_or_symptons_assigned_manual,mean_has_travel_assigned_automated,mean_has_travel_assigned_manual,mean_has_attended_gathering_assigned_automated,mean_has_attended_gathering_assigned_manual,mean_has_able_to_self_isolate_assigned_automated,mean_has_able_to_self_isolate_assigned_manual,mean_has_num_contacts_generated_assigned_automated,mean_has_num_contacts_generated_assigned_manual,mean_has_congregate_setting_assigned_automated,mean_has_congregate_setting_assigned_manual
2021-12-13,94040,4,"[50,80) SVI",Manual CICT,1,10,0.8181818181818182,0.6545454545454545,1,1,0,0.4,1,1,1,0.6,1,0.6,1,0.6,1,0.6,1,0.6,1,0.6,1,0.6,0,0.6
2021-12-13,94041,2,"[50,80) SVI",Manual CICT,0,4,NA,0.8636363636363636,NA,0.75,NA,0.25,NA,1,NA,0.75,NA,1,NA,1,NA,1,NA,1,NA,1,NA,1,NA,0.75
2021-12-13,94085,2,"[50,80) SVI",Manual CICT,0,4,NA,0.6818181818181818,NA,0.75,NA,0,NA,1,NA,0.5,NA,0.75,NA,0.75,NA,0.75,NA,0.75,NA,0.75,NA,0.75,NA,0.75
2021-12-13,94086,2,"[50,80) SVI",Manual CICT,1,8,0.9090909090909091,0.8295454545454546,1,1,1,0.125,1,1,1,0.625,1,1,1,1,1,0.875,1,1,1,0.875,1,1,0,0.625
2021-12-13,94089,4,"[50,80) SVI",Manual CICT,1,2,0.5454545454545454,0.5909090909090909,1,0.5,0,0,1,1,0,0.5,0,0.5,0,0.5,1,1,1,0.5,1,1,1,1,0,0
2021-12-13,94301,2,"[50,80) SVI",Manual CICT,1,6,0.7272727272727273,0.8636363636363636,1,1,0,0,1,1,0,0.6666666666666666,1,1,1,0.8333333333333334,1,1,1,1,1,1,1,1,0,1
2021-12-13,94303,4,"[80,100] SVI",Manual CICT,1,3,0.5454545454545454,0.7272727272727273,0,0.6666666666666666,0,0,1,1,0,0.6666666666666666,0,0.6666666666666666,1,0.6666666666666666,1,1,1,1,1,1,1,1,0,0.3333333333333333
2021-12-13,95020,4,"[80,100] SVI",Manual CICT,0,18,NA,0.6111111111111112,NA,0.7222222222222222,NA,0.2777777777777778,NA,1,NA,0.2222222222222222,NA,0.7222222222222222,NA,0.6666666666666666,NA,0.6666666666666666,NA,0.5555555555555556,NA,0.6666666666666666,NA,0.6666666666666666,NA,0.5555555555555556
2021-12-13,95035,4,"[50,80) SVI",Manual CICT,2,19,0.4545454545454546,0.7990430622009569,1,0.8421052631578947,0,0.3684210526315789,1,1,0,0.47368421052631576,0.5,0.8947368421052632,0.5,0.8947368421052632,0.5,0.8947368421052632,0.5,0.8421052631578947,0.5,0.8947368421052632,0.5,0.8947368421052632,0,0.7894736842105263
2021-12-13,95037,2,"[50,80) SVI",Manual CICT,0,14,NA,0.5714285714285714,NA,0.42857142857142855,NA,0.35714285714285715,NA,0.9285714285714286,NA,0.21428571428571427,NA,0.6428571428571429,NA,0.7142857142857143,NA,0.42857142857142855,NA,0.5714285714285714,NA,0.7142857142857143,NA,0.7142857142857143,NA,0.5714285714285714
2021-12-13,95050,4,"[50,80) SVI",Manual CICT,0,8,NA,0.625,NA,0.875,NA,0,NA,1,NA,0.375,NA,0.625,NA,0.625,NA,0.75,NA,0.625,NA,0.75,NA,0.625,NA,0.625
2021-12-13,95110,5,"[80,100] SVI",Manual CICT,1,7,0.9090909090909091,0.5064935064935064,1,0.42857142857142855,0,0.14285714285714285,1,0.7142857142857143,1,0.42857142857142855,1,0.5714285714285714,1,0.5714285714285714,1,0.5714285714285714,1,0.5714285714285714,1,0.5714285714285714,1,0.5714285714285714,1,0.42857142857142855
2021-12-13,95111,5,"[80,100] SVI",Manual CICT,0,13,NA,0.6713286713286714,NA,0.6923076923076923,NA,0.23076923076923078,NA,1,NA,0.38461538461538464,NA,0.6923076923076923,NA,0.7692307692307693,NA,0.7692307692307693,NA,0.6923076923076923,NA,0.7692307692307693,NA,0.6923076923076923,NA,0.6923076923076923
2021-12-13,95112,4,"[80,100] SVI",Manual CICT,2,20,0.36363636363636365,0.6681818181818182,1,0.95,0,0.25,1,0.95,0,0.5,0,0.75,0.5,0.75,0.5,0.65,0,0.7,0.5,0.75,0,0.65,0.5,0.45
2021-12-13,95116,4,"[80,100] SVI",Manual CICT,0,8,NA,0.5340909090909091,NA,1,NA,0.125,NA,1,NA,0.25,NA,0.75,NA,0.5,NA,0.375,NA,0.5,NA,0.5,NA,0.5,NA,0.375
2021-12-13,95117,4,"[80,100] SVI",Manual CICT,0,11,NA,0.512396694214876,NA,0.8181818181818182,NA,0.09090909090909091,NA,1,NA,0.36363636363636365,NA,0.6363636363636364,NA,0.45454545454545453,NA,0.5454545454545454,NA,0.45454545454545453,NA,0.5454545454545454,NA,0.45454545454545453,NA,0.2727272727272727
2021-12-13,95121,5,"[80,100] SVI",Manual CICT,0,8,NA,0.6818181818181818,NA,0.875,NA,0.25,NA,1,NA,0.375,NA,0.75,NA,0.625,NA,0.625,NA,0.75,NA,0.875,NA,0.75,NA,0.625
2021-12-13,95122,5,"[80,100] SVI",Manual CICT,1,15,0.7272727272727273,0.6848484848484848,1,0.8666666666666667,1,0.3333333333333333,1,1,1,0.26666666666666666,1,0.8,1,0.7333333333333333,1,0.6666666666666666,0,0.7333333333333333,1,0.8,0,0.8,0,0.5333333333333333
2021-12-13,95123,3,"[50,80) SVI",Manual CICT,0,13,NA,0.4965034965034965,NA,0.46153846153846156,NA,0,NA,1,NA,0.23076923076923078,NA,0.46153846153846156,NA,0.6153846153846154,NA,0.6923076923076923,NA,0.38461538461538464,NA,0.6923076923076923,NA,0.6153846153846154,NA,0.3076923076923077
2021-12-13,95125,4,"[50,80) SVI",Manual CICT,0,9,NA,0.7878787878787878,NA,0.8888888888888888,NA,0.4444444444444444,NA,1,NA,0.6666666666666666,NA,0.7777777777777778,NA,0.7777777777777778,NA,0.8888888888888888,NA,0.8888888888888888,NA,0.8888888888888888,NA,0.8888888888888888,NA,0.5555555555555556
2021-12-13,95126,2,"[50,80) SVI",Manual CICT,2,21,0.5,0.6926406926406926,0.5,0.8571428571428571,0.5,0.23809523809523808,1,1,0.5,0.5714285714285714,0.5,0.7142857142857143,0.5,0.7619047619047619,0.5,0.7142857142857143,0.5,0.6666666666666666,0.5,0.7619047619047619,0.5,0.7142857142857143,0,0.6190476190476191
2021-12-13,95127,5,"[80,100] SVI",Manual CICT,1,13,0.6363636363636364,0.6293706293706294,1,0.9230769230769231,0,0.15384615384615385,1,1,0,0.38461538461538464,0,0.6153846153846154,1,0.6923076923076923,1,0.6153846153846154,1,0.6153846153846154,1,0.7692307692307693,1,0.6923076923076923,0,0.46153846153846156
2021-12-13,95128,5,"[80,100] SVI",Manual CICT,2,10,0.13636363636363635,0.7272727272727273,0.5,0.9,0,0.4,1,1,0,0.5,0,0.6,0,0.8,0,0.8,0,0.8,0,0.8,0,0.8,0,0.6
2021-12-13,95131,4,"[50,80) SVI",Manual CICT,0,5,NA,0.23636363636363636,NA,0.8,NA,0,NA,1,NA,0,NA,0,NA,0.2,NA,0.2,NA,0,NA,0.2,NA,0.2,NA,0
2021-12-13,95132,3,"[50,80) SVI",Manual CICT,2,3,0.40909090909090906,0.5454545454545454,1,0.6666666666666666,0,0.6666666666666666,1,1,0.5,0.3333333333333333,0.5,0.6666666666666666,0.5,0,0,0.3333333333333333,0.5,0.6666666666666666,0,0.3333333333333333,0.5,0.6666666666666666,0,0.6666666666666666
2021-12-13,95133,4,"[80,100] SVI",Manual CICT,0,11,NA,0.7933884297520661,NA,0.9090909090909091,NA,0.36363636363636365,NA,1,NA,0.5454545454545454,NA,0.9090909090909091,NA,0.8181818181818182,NA,0.8181818181818182,NA,0.8181818181818182,NA,0.9090909090909091,NA,0.8181818181818182,NA,0.8181818181818182
2021-12-13,95136,2,"[50,80) SVI",Manual CICT,13,3,0.4755244755244755,0.3939393939393939,0.7692307692307693,0.6666666666666666,0.23076923076923078,0,1,1,0.46153846153846156,0.3333333333333333,0.5384615384615384,0.3333333333333333,0.3076923076923077,0.3333333333333333,0.46153846153846156,0.3333333333333333,0.46153846153846156,0.3333333333333333,0.46153846153846156,0.3333333333333333,0.46153846153846156,0.3333333333333333,0.07692307692307693,0.3333333333333333
2021-12-13,95148,4,"[50,80) SVI",Manual CICT,0,10,NA,0.7181818181818181,NA,1,NA,0.1,NA,1,NA,0.6,NA,0.9,NA,0.8,NA,0.6,NA,0.8,NA,0.7,NA,0.8,NA,0.6
2021-12-20,94040,4,"[50,80) SVI",Manual CICT,31,38,0.34017595307917886,0.7248803827751196,0.6129032258064516,0.9210526315789473,0.03225806451612903,0.3157894736842105,0.9354838709677419,1,0.12903225806451613,0.42105263157894735,0.16129032258064516,0.7894736842105263,0.41935483870967744,0.7894736842105263,0.3870967741935484,0.7368421052631579,0.2903225806451613,0.7631578947368421,0.3870967741935484,0.7894736842105263,0.3225806451612903,0.7894736842105263,0.06451612903225806,0.6578947368421053
2021-12-20,94041,2,"[50,80) SVI",Manual CICT,14,13,0.4805194805194805,0.8671328671328671,0.7857142857142857,0.9230769230769231,0,0.38461538461538464,1,1,0.14285714285714285,0.6923076923076923,0.14285714285714285,0.9230769230769231,0.5714285714285714,1,0.7142857142857143,0.7692307692307693,0.5714285714285714,1,0.7142857142857143,1,0.6428571428571429,1,0,0.8461538461538461
2021-12-20,94085,2,"[50,80) SVI",Manual CICT,29,19,0.36363636363636365,0.8038277511961722,0.7586206896551724,1,0.06896551724137931,0.47368421052631576,0.9655172413793104,1,0.10344827586206896,0.631578947368421,0.13793103448275862,0.8421052631578947,0.3793103448275862,0.7368421052631579,0.4482758620689655,0.8947368421052632,0.3103448275862069,0.8421052631578947,0.4482758620689655,0.8947368421052632,0.3448275862068966,0.8947368421052632,0.034482758620689655,0.631578947368421
2021-12-20,94086,2,"[50,80) SVI",Manual CICT,49,40,0.47866419294990725,0.6795454545454546,0.7755102040816326,0.85,0.04081632653061224,0.225,1,1,0.20408163265306123,0.3,0.2857142857142857,0.775,0.5714285714285714,0.775,0.6530612244897959,0.625,0.5102040816326531,0.675,0.6530612244897959,0.775,0.5102040816326531,0.825,0.061224489795918366,0.65
2021-12-20,94089,4,"[50,80) SVI",Manual CICT,29,21,0.4106583072100313,0.6320346320346321,0.8275862068965517,0.8571428571428571,0.034482758620689655,0.19047619047619047,1,1,0.1724137931034483,0.38095238095238093,0.20689655172413793,0.6666666666666666,0.4827586206896552,0.5714285714285714,0.5517241379310345,0.6666666666666666,0.3103448275862069,0.6666666666666666,0.5517241379310345,0.7619047619047619,0.3793103448275862,0.7142857142857143,0,0.47619047619047616
2021-12-20,94301,2,"[50,80) SVI",Manual CICT,25,16,0.5272727272727272,0.5113636363636364,0.88,0.8125,0.04,0.1875,0.96,1,0.24,0.3125,0.24,0.4375,0.6,0.5,0.72,0.5,0.64,0.5,0.72,0.5,0.68,0.5,0.08,0.375
2021-12-20,94303,4,"[80,100] SVI",Manual CICT,22,15,0.5495867768595042,0.6909090909090909,0.9090909090909091,0.8666666666666667,0.045454545454545456,0.2,1,1,0.3181818181818182,0.6666666666666666,0.4090909090909091,0.7333333333333333,0.6818181818181818,0.7333333333333333,0.6818181818181818,0.6666666666666666,0.6363636363636364,0.6666666666666666,0.6818181818181818,0.7333333333333333,0.6363636363636364,0.7333333333333333,0.045454545454545456,0.6
2021-12-20,95020,4,"[80,100] SVI",Manual CICT,101,70,0.3465346534653465,0.6467532467532467,0.7722772277227723,0.9,0.019801980198019802,0.34285714285714286,1,1,0.12871287128712872,0.37142857142857144,0.19801980198019803,0.7,0.3069306930693069,0.6285714285714286,0.3564356435643564,0.5714285714285714,0.297029702970297,0.6714285714285714,0.3564356435643564,0.6714285714285714,0.33663366336633666,0.7142857142857143,0.039603960396039604,0.5428571428571428
2021-12-20,95035,4,"[50,80) SVI",Manual CICT,79,68,0.48331415420023016,0.7393048128342246,0.8354430379746836,0.9117647058823529,0.0759493670886076,0.35294117647058826,1,0.9852941176470589,0.21518987341772153,0.5588235294117647,0.3291139240506329,0.8529411764705882,0.5949367088607594,0.7941176470588235,0.5949367088607594,0.6764705882352942,0.4430379746835443,0.7352941176470589,0.6075949367088608,0.7941176470588235,0.5316455696202531,0.8235294117647058,0.08860759493670886,0.6470588235294118
2021-12-20,95037,2,"[50,80) SVI",Manual CICT,75,49,0.32242424242424245,0.5528756957328386,0.76,0.9183673469387755,0.08,0.16326530612244897,0.96,0.9387755102040817,0.14666666666666667,0.30612244897959184,0.21333333333333335,0.5714285714285714,0.28,0.5306122448979592,0.30666666666666664,0.5510204081632653,0.24,0.5510204081632653,0.30666666666666664,0.5918367346938775,0.25333333333333335,0.5714285714285714,0,0.3877551020408163
2021-12-20,95046,3,"[50,80) SVI",Manual CICT,11,11,0.2727272727272727,0.5950413223140496,0.5454545454545454,0.6363636363636364,0,0.2727272727272727,1,1,0.18181818181818182,0.2727272727272727,0.18181818181818182,0.6363636363636364,0.2727272727272727,0.6363636363636364,0.18181818181818182,0.6363636363636364,0.18181818181818182,0.6363636363636364,0.18181818181818182,0.6363636363636364,0.18181818181818182,0.6363636363636364,0.09090909090909091,0.5454545454545454
2021-12-20,95050,4,"[50,80) SVI",Manual CICT,48,25,0.4318181818181818,0.6872727272727273,0.7708333333333334,0.88,0.08333333333333333,0.24,0.9791666666666666,1,0.22916666666666666,0.36,0.3125,0.76,0.3541666666666667,0.8,0.5,0.6,0.4791666666666667,0.72,0.5,0.8,0.5,0.72,0.041666666666666664,0.68
2021-12-20,95110,5,"[80,100] SVI",Manual CICT,35,35,0.34805194805194806,0.7012987012987013,0.6857142857142857,0.8571428571428571,0.08571428571428572,0.2571428571428571,0.9714285714285714,1,0.22857142857142856,0.4,0.34285714285714286,0.7714285714285715,0.3142857142857143,0.7714285714285715,0.3142857142857143,0.6285714285714286,0.2571428571428571,0.7428571428571429,0.3142857142857143,0.8,0.2857142857142857,0.8,0.02857142857142857,0.6857142857142857
2021-12-20,95111,5,"[80,100] SVI",Manual CICT,94,54,0.4323017408123791,0.7154882154882155,0.8085106382978723,0.9444444444444444,0.0851063829787234,0.37037037037037035,0.9680851063829787,0.9814814814814815,0.20212765957446807,0.4074074074074074,0.2765957446808511,0.7407407407407407,0.5,0.7222222222222222,0.5319148936170213,0.7222222222222222,0.3723404255319149,0.7037037037037037,0.5319148936170213,0.8333333333333334,0.425531914893617,0.7962962962962963,0.05319148936170213,0.6481481481481481
2021-12-20,95112,4,"[80,100] SVI",Manual CICT,113,68,0.43684633950120677,0.6724598930481284,0.8053097345132744,0.8823529411764706,0.08849557522123894,0.19117647058823528,0.9734513274336283,0.9705882352941176,0.22123893805309736,0.47058823529411764,0.2743362831858407,0.7647058823529411,0.4778761061946903,0.6911764705882353,0.5221238938053098,0.7058823529411765,0.3893805309734513,0.6911764705882353,0.5575221238938053,0.7352941176470589,0.4247787610619469,0.7352941176470589,0.07079646017699115,0.5588235294117647
2021-12-20,95116,4,"[80,100] SVI",Manual CICT,67,38,0.42198100407055633,0.7368421052631579,0.8059701492537313,0.8947368421052632,0.08955223880597014,0.3157894736842105,0.9253731343283582,1,0.22388059701492538,0.39473684210526316,0.26865671641791045,0.7894736842105263,0.47761194029850745,0.7894736842105263,0.5223880597014925,0.7368421052631579,0.3582089552238806,0.8157894736842105,0.5223880597014925,0.8421052631578947,0.3880597014925373,0.8421052631578947,0.05970149253731343,0.6842105263157895
2021-12-20,95117,4,"[80,100] SVI",Manual CICT,34,30,0.3048128342245989,0.5575757575757576,0.5882352941176471,0.9333333333333333,0.08823529411764706,0.2,0.9705882352941176,0.9666666666666667,0.08823529411764706,0.16666666666666666,0.11764705882352941,0.7,0.35294117647058826,0.6333333333333333,0.35294117647058826,0.43333333333333335,0.17647058823529413,0.5,0.38235294117647056,0.5333333333333333,0.23529411764705882,0.5333333333333333,0,0.5333333333333333
2021-12-20,95121,5,"[80,100] SVI",Manual CICT,44,43,0.32644628099173556,0.7293868921775899,0.7045454545454546,0.9302325581395349,0.022727272727272728,0.2558139534883721,0.9545454545454546,1,0.11363636363636363,0.4883720930232558,0.22727272727272727,0.8372093023255814,0.2727272727272727,0.813953488372093,0.36363636363636365,0.6511627906976745,0.2727272727272727,0.7674418604651163,0.36363636363636365,0.8372093023255814,0.2727272727272727,0.8372093023255814,0.022727272727272728,0.6046511627906976
2021-12-20,95122,5,"[80,100] SVI",Manual CICT,76,76,0.3349282296650718,0.7129186602870814,0.75,0.9078947368421053,0.10526315789473684,0.3157894736842105,0.9473684210526315,1,0.18421052631578946,0.4473684210526316,0.27631578947368424,0.8026315789473685,0.27631578947368424,0.7763157894736842,0.3157894736842105,0.5921052631578947,0.2236842105263158,0.7236842105263158,0.3157894736842105,0.7763157894736842,0.23684210526315788,0.7763157894736842,0.05263157894736842,0.7236842105263158
2021-12-20,95123,3,"[50,80) SVI",Manual CICT,112,74,0.39366883116883117,0.671990171990172,0.7142857142857143,0.8513513513513513,0.08928571428571429,0.28378378378378377,0.9642857142857143,1,0.10714285714285714,0.36486486486486486,0.21428571428571427,0.7432432432432432,0.45535714285714285,0.7432432432432432,0.5,0.6081081081081081,0.35714285714285715,0.6891891891891891,0.5,0.7432432432432432,0.4107142857142857,0.7567567567567568,0.017857142857142856,0.6081081081081081
2021-12-20,95125,4,"[50,80) SVI",Manual CICT,106,80,0.42109777015437394,0.6443181818181818,0.8207547169811321,0.8625,0.08490566037735849,0.325,0.9716981132075472,1,0.19811320754716982,0.3875,0.22641509433962265,0.7,0.4811320754716981,0.6625,0.5,0.625,0.4056603773584906,0.6125,0.5,0.6875,0.42452830188679247,0.7125,0.018867924528301886,0.5125
2021-12-20,95126,2,"[50,80) SVI",Manual CICT,73,49,0.46450809464508097,0.6975881261595547,0.7808219178082192,0.8571428571428571,0.0684931506849315,0.32653061224489793,1,0.9795918367346939,0.3287671232876712,0.42857142857142855,0.410958904109589,0.7551020408163265,0.5205479452054794,0.7755102040816326,0.5068493150684932,0.6326530612244898,0.4657534246575342,0.7551020408163265,0.5068493150684932,0.7755102040816326,0.4931506849315068,0.7551020408163265,0.0273972602739726,0.6326530612244898
2021-12-20,95127,5,"[80,100] SVI",Manual CICT,92,65,0.4318181818181818,0.6377622377622377,0.7391304347826086,0.8615384615384616,0.08695652173913043,0.16923076923076924,0.9891304347826086,0.9538461538461539,0.22826086956521738,0.36923076923076925,0.29347826086956524,0.6615384615384615,0.5,0.6923076923076923,0.5,0.6461538461538462,0.42391304347826086,0.676923076923077,0.5,0.7384615384615385,0.45652173913043476,0.7076923076923077,0.03260869565217391,0.5384615384615384
2021-12-20,95128,5,"[80,100] SVI",Manual CICT,51,44,0.41532976827094475,0.6570247933884298,0.7450980392156863,0.9090909090909091,0.11764705882352941,0.22727272727272727,0.9411764705882353,0.9772727272727273,0.1568627450980392,0.3409090909090909,0.21568627450980393,0.7045454545454546,0.49019607843137253,0.7727272727272727,0.5098039215686274,0.5681818181818182,0.35294117647058826,0.6818181818181818,0.5098039215686274,0.7045454545454546,0.47058823529411764,0.7954545454545454,0.058823529411764705,0.5454545454545454
2021-12-20,95131,4,"[50,80) SVI",Manual CICT,38,26,0.43779904306220097,0.7202797202797203,0.7894736842105263,0.9230769230769231,0.13157894736842105,0.34615384615384615,1,1,0.23684210526315788,0.4230769230769231,0.3157894736842105,0.7307692307692307,0.47368421052631576,0.7307692307692307,0.5,0.7307692307692307,0.3684210526315789,0.8076923076923077,0.5,0.8076923076923077,0.4473684210526316,0.8076923076923077,0.05263157894736842,0.6153846153846154
2021-12-20,95132,3,"[50,80) SVI",Manual CICT,55,41,0.3933884297520661,0.6274944567627494,0.7090909090909091,0.8536585365853658,0.10909090909090909,0.3902439024390244,0.9272727272727272,0.975609756097561,0.21818181818181817,0.3170731707317073,0.2909090909090909,0.6829268292682927,0.36363636363636365,0.6829268292682927,0.43636363636363634,0.4634146341463415,0.36363636363636365,0.6585365853658537,0.45454545454545453,0.6097560975609756,0.41818181818181815,0.6829268292682927,0.03636363636363636,0.5853658536585366
2021-12-20,95133,4,"[80,100] SVI",Manual CICT,41,18,0.44567627494456763,0.7575757575757576,0.7073170731707317,0.8333333333333334,0.12195121951219512,0.2777777777777778,1,1,0.21951219512195122,0.3888888888888889,0.2682926829268293,0.7222222222222222,0.5121951219512195,0.8333333333333334,0.5365853658536586,0.8888888888888888,0.4634146341463415,0.8888888888888888,0.5365853658536586,0.8888888888888888,0.4634146341463415,0.8888888888888888,0.07317073170731707,0.7222222222222222
2021-12-20,95136,2,"[50,80) SVI",Manual CICT,88,11,0.375,0.7107438016528925,0.7613636363636364,0.8181818181818182,0.056818181818181816,0.18181818181818182,0.9886363636363636,1,0.1590909090909091,0.45454545454545453,0.2159090909090909,0.7272727272727273,0.375,0.5454545454545454,0.4318181818181818,0.8181818181818182,0.3181818181818182,0.9090909090909091,0.4318181818181818,0.9090909090909091,0.36363636363636365,0.9090909090909091,0.022727272727272728,0.5454545454545454
2021-12-20,95148,4,"[50,80) SVI",Manual CICT,73,47,0.42216687422166876,0.6595744680851063,0.8082191780821918,0.8723404255319149,0.0547945205479452,0.2553191489361702,0.958904109589041,1,0.1506849315068493,0.3829787234042553,0.2602739726027397,0.723404255319149,0.4931506849315068,0.7446808510638298,0.5205479452054794,0.6382978723404256,0.3698630136986301,0.6170212765957447,0.5205479452054794,0.723404255319149,0.4931506849315068,0.7021276595744681,0.0136986301369863,0.5957446808510638
2021-12-27,94040,4,"[50,80) SVI",Manual CICT,170,38,0.34919786096256683,0.722488038277512,0.7823529411764706,0.9736842105263158,0.041176470588235294,0.18421052631578946,0.9823529411764705,1,0.14705882352941177,0.39473684210526316,0.18823529411764706,0.8421052631578947,0.3352941176470588,0.7894736842105263,0.36470588235294116,0.7368421052631579,0.28823529411764703,0.7631578947368421,0.36470588235294116,0.8157894736842105,0.3176470588235294,0.8421052631578947,0.029411764705882353,0.6052631578947368
2021-12-27,94041,2,"[50,80) SVI",Manual CICT,24,8,0.5037878787878788,0.625,0.7916666666666666,1,0,0.25,1,1,0.375,0.625,0.375,0.625,0.5416666666666666,0.625,0.625,0.5,0.5416666666666666,0.625,0.625,0.625,0.625,0.625,0.041666666666666664,0.375
2021-12-27,94085,2,"[50,80) SVI",Manual CICT,63,18,0.38095238095238093,0.7777777777777778,0.7619047619047619,0.9444444444444444,0.06349206349206349,0.2222222222222222,1,1,0.19047619047619047,0.5555555555555556,0.25396825396825395,0.8888888888888888,0.3968253968253968,0.9444444444444444,0.3968253968253968,0.7222222222222222,0.3333333333333333,0.8333333333333334,0.4126984126984127,0.8888888888888888,0.3333333333333333,0.8333333333333334,0.047619047619047616,0.7222222222222222
2021-12-27,94086,2,"[50,80) SVI",Manual CICT,81,22,0.4792368125701459,0.743801652892562,0.8271604938271605,0.8636363636363636,0.06172839506172839,0.4090909090909091,0.9876543209876543,1,0.30864197530864196,0.2727272727272727,0.30864197530864196,0.9545454545454546,0.5555555555555556,0.8181818181818182,0.5679012345679012,0.6363636363636364,0.49382716049382713,0.8636363636363636,0.5679012345679012,0.7727272727272727,0.5185185185185185,0.8636363636363636,0.07407407407407407,0.7272727272727273
2021-12-27,94089,4,"[50,80) SVI",Manual CICT,133,21,0.39849624060150374,0.6320346320346321,0.7894736842105263,0.8095238095238095,0.045112781954887216,0.09523809523809523,0.9774436090225563,1,0.18045112781954886,0.23809523809523808,0.23308270676691728,0.7142857142857143,0.45112781954887216,0.7142857142857143,0.45864661654135336,0.5714285714285714,0.3308270676691729,0.7142857142857143,0.45864661654135336,0.7142857142857143,0.39849624060150374,0.7619047619047619,0.06015037593984962,0.6190476190476191
2021-12-27,94301,2,"[50,80) SVI",Manual CICT,47,9,0.35589941972920697,0.7777777777777778,0.723404255319149,1,0,0.1111111111111111,1,1,0.1702127659574468,0.5555555555555556,0.19148936170212766,0.7777777777777778,0.3617021276595745,0.8888888888888888,0.3404255319148936,0.8888888888888888,0.2978723404255319,0.7777777777777778,0.3404255319148936,0.8888888888888888,0.3404255319148936,0.8888888888888888,0.14893617021276595,0.7777777777777778
2021-12-27,94303,4,"[80,100] SVI",Manual CICT,81,21,0.3546576879910213,0.6103896103896104,0.8148148148148148,1,0.024691358024691357,0.047619047619047616,0.9506172839506173,1,0.16049382716049382,0.38095238095238093,0.16049382716049382,0.6666666666666666,0.30864197530864196,0.7142857142857143,0.3950617283950617,0.42857142857142855,0.30864197530864196,0.47619047619047616,0.3950617283950617,0.7619047619047619,0.35802469135802467,0.8095238095238095,0.024691358024691357,0.42857142857142855
2021-12-27,95020,4,"[80,100] SVI",Manual CICT,457,123,0.3419534513626417,0.6371027346637103,0.7899343544857768,0.9024390243902439,0.0437636761487965,0.2764227642276423,0.973741794310722,0.975609756097561,0.13129102844638948,0.37398373983739835,0.1925601750547046,0.7317073170731707,0.31072210065645517,0.6504065040650406,0.3413566739606127,0.5121951219512195,0.2778993435448578,0.6422764227642277,0.3435448577680525,0.6747967479674797,0.3150984682713348,0.6666666666666666,0.04157549234135667,0.6016260162601627
2021-12-27,95035,4,"[50,80) SVI",Manual CICT,506,79,0.36291771469637085,0.5776754890678941,0.7292490118577075,0.7721518987341772,0.04743083003952569,0.189873417721519,0.9901185770750988,0.9746835443037974,0.16996047430830039,0.31645569620253167,0.2134387351778656,0.5822784810126582,0.3695652173913043,0.6075949367088608,0.3932806324110672,0.6075949367088608,0.2984189723320158,0.5949367088607594,0.3893280632411067,0.6582278481012658,0.3577075098814229,0.6708860759493671,0.03359683794466403,0.379746835443038
2021-12-27,95037,2,"[50,80) SVI",Manual CICT,175,27,0.3864935064935065,0.6127946127946128,0.8285714285714286,1,0.045714285714285714,0.1111111111111111,0.9771428571428571,1,0.18857142857142858,0.2222222222222222,0.2342857142857143,0.5925925925925926,0.3942857142857143,0.6296296296296297,0.4057142857142857,0.5185185185185185,0.33714285714285713,0.6296296296296297,0.4057142857142857,0.7407407407407407,0.3657142857142857,0.7407407407407407,0.06857142857142857,0.5555555555555556
2021-12-27,95046,3,"[50,80) SVI",Manual CICT,40,5,0.29545454545454547,0.6363636363636364,0.825,0.8,0,0,1,0.8,0.15,0.6,0.175,0.8,0.2,0.8,0.225,0.4,0.2,0.6,0.225,0.8,0.225,0.8,0.025,0.6
2021-12-27,95050,4,"[50,80) SVI",Manual CICT,214,27,0.348768054375531,0.7205387205387206,0.7850467289719626,1,0.056074766355140186,0.4074074074074074,0.9719626168224299,1,0.14953271028037382,0.48148148148148145,0.19158878504672897,0.7037037037037037,0.32242990654205606,0.7407407407407407,0.35514018691588783,0.7407407407407407,0.2897196261682243,0.6666666666666666,0.3598130841121495,0.8148148148148148,0.32242990654205606,0.7777777777777778,0.03271028037383177,0.5925925925925926
2021-12-27,95110,5,"[80,100] SVI",Manual CICT,156,27,0.3758741258741259,0.5757575757575758,0.7628205128205128,0.9259259259259259,0.04487179487179487,0.3333333333333333,0.9743589743589743,0.9629629629629629,0.14102564102564102,0.2222222222222222,0.21153846153846154,0.5925925925925926,0.358974358974359,0.5925925925925926,0.40384615384615385,0.48148148148148145,0.3269230769230769,0.5185185185185185,0.46153846153846156,0.5555555555555556,0.36538461538461536,0.5925925925925926,0.08333333333333333,0.5555555555555556
2021-12-27,95111,5,"[80,100] SVI",Manual CICT,397,94,0.3457751316693382,0.6924564796905223,0.7380352644836272,0.9361702127659575,0.04534005037783375,0.26595744680851063,0.9722921914357683,1,0.16876574307304787,0.43617021276595747,0.2040302267002519,0.7978723404255319,0.34005037783375314,0.723404255319149,0.36523929471032746,0.5425531914893617,0.26700251889168763,0.723404255319149,0.36272040302267,0.7659574468085106,0.3022670025188917,0.7659574468085106,0.037783375314861464,0.6595744680851063
2021-12-27,95112,4,"[80,100] SVI",Manual CICT,416,81,0.3804632867132867,0.6509539842873177,0.7764423076923077,0.9259259259259259,0.07211538461538461,0.2716049382716049,0.96875,1,0.19230769230769232,0.4691358024691358,0.22596153846153846,0.6790123456790124,0.37740384615384615,0.6172839506172839,0.4206730769230769,0.5555555555555556,0.3269230769230769,0.654320987654321,0.4206730769230769,0.7037037037037037,0.3605769230769231,0.7037037037037037,0.04326923076923077,0.5802469135802469
2021-12-27,95116,4,"[80,100] SVI",Manual CICT,319,91,0.3448275862068966,0.6483516483516484,0.7460815047021944,0.9230769230769231,0.04075235109717868,0.27472527472527475,0.9780564263322884,1,0.1536050156739812,0.2967032967032967,0.21316614420062696,0.7472527472527473,0.3385579937304075,0.7142857142857143,0.3542319749216301,0.46153846153846156,0.26332288401253917,0.6813186813186813,0.3542319749216301,0.6703296703296703,0.3103448275862069,0.7582417582417582,0.04075235109717868,0.6043956043956044
2021-12-27,95117,4,"[80,100] SVI",Manual CICT,149,19,0.3471629042098841,0.69377990430622,0.8389261744966443,1,0.03355704697986577,0.3684210526315789,0.9731543624161074,1,0.15436241610738255,0.5263157894736842,0.16778523489932887,0.7368421052631579,0.3221476510067114,0.631578947368421,0.3624161073825503,0.5789473684210527,0.2751677852348993,0.7368421052631579,0.3624161073825503,0.6842105263157895,0.2953020134228188,0.7368421052631579,0.03355704697986577,0.631578947368421
2021-12-27,95121,5,"[80,100] SVI",Manual CICT,286,52,0.3642720915448188,0.7115384615384616,0.7902097902097902,0.9423076923076923,0.04895104895104895,0.17307692307692307,0.972027972027972,0.9615384615384616,0.15734265734265734,0.3076923076923077,0.2097902097902098,0.7884615384615384,0.35664335664335667,0.75,0.3986013986013986,0.6923076923076923,0.3006993006993007,0.8461538461538461,0.4020979020979021,0.8076923076923077,0.3356643356643357,0.8653846153846154,0.03496503496503497,0.6923076923076923
2021-12-27,95122,5,"[80,100] SVI",Manual CICT,341,74,0.34470807784590773,0.6965601965601965,0.8035190615835777,0.9324324324324325,0.05278592375366569,0.28378378378378377,0.9882697947214076,1,0.1378299120234604,0.36486486486486486,0.22580645161290322,0.8378378378378378,0.30498533724340177,0.7432432432432432,0.34310850439882695,0.6486486486486487,0.25513196480938416,0.6486486486486487,0.34017595307917886,0.7837837837837838,0.2961876832844575,0.7837837837837838,0.04398826979472141,0.6351351351351351
2021-12-27,95123,3,"[50,80) SVI",Manual CICT,531,62,0.36363636363636365,0.7008797653958945,0.7495291902071564,0.9032258064516129,0.04896421845574388,0.22580645161290322,0.9830508474576272,0.9838709677419355,0.15254237288135594,0.41935483870967744,0.19962335216572505,0.7419354838709677,0.3634651600753296,0.7903225806451613,0.4011299435028249,0.7580645161290323,0.3182674199623352,0.7096774193548387,0.3992467043314501,0.7903225806451613,0.3483992467043315,0.7741935483870968,0.035781544256120526,0.6129032258064516
2021-12-27,95125,4,"[50,80) SVI",Manual CICT,445,80,0.3536261491317671,0.6125,0.7662921348314606,0.775,0.02696629213483146,0.15,0.9550561797752809,1,0.1842696629213483,0.2875,0.21348314606741572,0.675,0.3348314606741573,0.65,0.38202247191011235,0.6,0.2966292134831461,0.6375,0.38202247191011235,0.75,0.3303370786516854,0.7125,0.017977528089887642,0.5
2021-12-27,95126,2,"[50,80) SVI",Manual CICT,144,39,0.4109848484848485,0.7296037296037297,0.7222222222222222,0.9743589743589743,0.05555555555555555,0.2564102564102564,0.9652777777777778,0.9743589743589743,0.2361111111111111,0.4358974358974359,0.2638888888888889,0.8461538461538461,0.4513888888888889,0.7948717948717948,0.4722222222222222,0.5128205128205128,0.4166666666666667,0.8205128205128205,0.4722222222222222,0.7948717948717948,0.4444444444444444,0.8461538461538461,0.020833333333333332,0.7692307692307693
2021-12-27,95127,5,"[80,100] SVI",Manual CICT,476,98,0.35236822001527884,0.686456400742115,0.8004201680672269,0.826530612244898,0.05042016806722689,0.25510204081632654,0.9810924369747899,0.9897959183673469,0.1407563025210084,0.40816326530612246,0.1953781512605042,0.7040816326530612,0.36554621848739494,0.7448979591836735,0.3739495798319328,0.7142857142857143,0.2605042016806723,0.7448979591836735,0.37184873949579833,0.7959183673469388,0.3025210084033613,0.7857142857142857,0.03361344537815126,0.5816326530612245
2021-12-27,95128,5,"[80,100] SVI",Manual CICT,239,53,0.35374667173830354,0.6346483704974271,0.7824267782426778,0.8301886792452831,0.06694560669456066,0.22641509433962265,0.9707112970711297,0.9245283018867925,0.16736401673640167,0.37735849056603776,0.2384937238493724,0.7358490566037735,0.33472803347280333,0.6981132075471698,0.35564853556485354,0.5660377358490566,0.28870292887029286,0.660377358490566,0.3472803347280335,0.7735849056603774,0.301255230125523,0.7358490566037735,0.03765690376569038,0.4528301886792453
2021-12-27,95131,4,"[50,80) SVI",Manual CICT,193,22,0.37870937352802636,0.8099173553719008,0.8186528497409327,0.9090909090909091,0.025906735751295335,0.3181818181818182,0.9740932642487047,1,0.19170984455958548,0.4090909090909091,0.24352331606217617,0.9090909090909091,0.39896373056994816,0.9545454545454546,0.41968911917098445,0.9090909090909091,0.30569948186528495,0.9090909090909091,0.41968911917098445,0.9545454545454546,0.34196891191709844,0.9090909090909091,0.025906735751295335,0.7272727272727273
2021-12-27,95132,3,"[50,80) SVI",Manual CICT,249,40,0.38298649142022634,0.6113636363636363,0.7871485943775101,0.9,0.05220883534136546,0.275,0.9879518072289156,1,0.1927710843373494,0.35,0.2289156626506024,0.675,0.37751004016064255,0.525,0.42971887550200805,0.475,0.3333333333333333,0.7,0.42971887550200805,0.525,0.3614457831325301,0.7,0.0321285140562249,0.6
2021-12-27,95133,4,"[80,100] SVI",Manual CICT,223,33,0.34447615165103956,0.6859504132231405,0.8116591928251121,0.9090909090909091,0.04035874439461883,0.3333333333333333,0.9775784753363229,1,0.15695067264573992,0.5151515151515151,0.22869955156950672,0.8787878787878788,0.33183856502242154,0.7272727272727273,0.336322869955157,0.5151515151515151,0.25112107623318386,0.696969696969697,0.336322869955157,0.7272727272727273,0.3004484304932735,0.696969696969697,0.017937219730941704,0.5454545454545454
2021-12-27,95136,2,"[50,80) SVI",Manual CICT,223,10,0.37464329392580514,0.7181818181818181,0.7399103139013453,0.9,0.07623318385650224,0.2,0.9820627802690582,0.9,0.13452914798206278,0.4,0.23318385650224216,0.7,0.4080717488789238,1,0.40358744394618834,0.9,0.3183856502242152,0.8,0.40358744394618834,1,0.3632286995515695,0.8,0.05829596412556054,0.3
2021-12-27,95148,4,"[50,80) SVI",Manual CICT,354,61,0.35387776065742166,0.736214605067064,0.7401129943502824,0.9180327868852459,0.03389830508474576,0.36065573770491804,0.9830508474576272,1,0.16666666666666666,0.47540983606557374,0.2033898305084746,0.8032786885245902,0.3389830508474576,0.7049180327868853,0.384180790960452,0.6229508196721312,0.2966101694915254,0.819672131147541,0.3870056497175141,0.819672131147541,0.327683615819209,0.8360655737704918,0.031073446327683617,0.7377049180327869
2022-01-03,94040,4,"[50,80) SVI",Manual CICT,365,14,0.34420921544209215,0.6818181818181819,0.8821917808219178,1,0.0273972602739726,0.14285714285714285,0.9753424657534246,1,0.13150684931506848,0.2857142857142857,0.1917808219178082,0.7857142857142857,0.29315068493150687,0.7142857142857143,0.32602739726027397,0.7142857142857143,0.2821917808219178,0.8571428571428571,0.3287671232876712,0.7857142857142857,0.30684931506849317,0.8571428571428571,0.0410958904109589,0.35714285714285715
2022-01-03,94041,2,"[50,80) SVI",Automated CICT,131,0,0.3671061762664816,NA,0.8854961832061069,NA,0.030534351145038167,NA,0.9847328244274809,NA,0.16030534351145037,NA,0.1984732824427481,NA,0.33587786259541985,NA,0.3816793893129771,NA,0.31297709923664124,NA,0.3816793893129771,NA,0.3435114503816794,NA,0.022900763358778626,NA
2022-01-03,94085,2,"[50,80) SVI",Automated CICT,279,4,0.3121537960247638,0.75,0.8243727598566308,0.75,0.03225806451612903,0.25,0.985663082437276,1,0.08960573476702509,0.5,0.1863799283154122,1,0.2616487455197133,1,0.27956989247311825,1,0.2114695340501792,0.75,0.2831541218637993,1,0.24014336917562723,0.75,0.03942652329749104,0.25
2022-01-03,94086,2,"[50,80) SVI",Automated CICT,395,7,0.3387802071346375,0.8181818181818182,0.8177215189873418,1,0.05569620253164557,0.14285714285714285,0.9746835443037974,1,0.1341772151898734,0.8571428571428571,0.17974683544303796,1,0.29873417721518986,1,0.3367088607594937,1,0.2683544303797468,1,0.3367088607594937,1,0.28607594936708863,1,0.0379746835443038,0
2022-01-03,94089,4,"[50,80) SVI",Manual CICT,273,21,0.34498834498834496,0.6233766233766234,0.7472527472527473,0.9047619047619048,0.040293040293040296,0.23809523809523808,0.9597069597069597,1,0.14285714285714285,0.42857142857142855,0.18315018315018314,0.6666666666666666,0.3516483516483517,0.7142857142857143,0.36996336996337,0.6666666666666666,0.27472527472527475,0.5714285714285714,0.3772893772893773,0.7142857142857143,0.31135531135531136,0.6666666666666666,0.03663003663003663,0.2857142857142857
2022-01-03,94301,2,"[50,80) SVI",Automated CICT,165,1,0.2815426997245179,0.6363636363636364,0.7757575757575758,0,0.024242424242424242,0,0.896969696969697,1,0.09090909090909091,0,0.14545454545454545,1,0.20606060606060606,1,0.24242424242424243,1,0.18181818181818182,1,0.24242424242424243,1,0.2,1,0.09090909090909091,0
2022-01-03,94303,4,"[80,100] SVI",Manual CICT,137,21,0.3404114134041141,0.6536796536796536,0.7883211678832117,0.9523809523809523,0.06569343065693431,0.19047619047619047,0.9781021897810219,0.9523809523809523,0.12408759124087591,0.38095238095238093,0.2116788321167883,0.8095238095238095,0.29927007299270075,0.8095238095238095,0.34306569343065696,0.6190476190476191,0.25547445255474455,0.5238095238095238,0.3357664233576642,0.7619047619047619,0.2773722627737226,0.6666666666666666,0.06569343065693431,0.5238095238095238
2022-01-03,95020,4,"[80,100] SVI",Manual CICT,868,141,0.3201717637201508,0.6576402321083172,0.7960829493087558,0.9078014184397163,0.038018433179723504,0.23404255319148937,0.9723502304147466,0.9574468085106383,0.12557603686635946,0.2978723404255319,0.19009216589861752,0.7375886524822695,0.27419354838709675,0.7092198581560284,0.3064516129032258,0.5531914893617021,0.22465437788018433,0.7163120567375887,0.3099078341013825,0.7304964539007093,0.2557603686635945,0.7872340425531915,0.02880184331797235,0.6028368794326241
2022-01-03,95035,4,"[50,80) SVI",Manual CICT,1052,64,0.3010715520221224,0.7201704545454546,0.7652091254752852,0.9375,0.028517110266159697,0.265625,0.970532319391635,1,0.10076045627376426,0.4375,0.15399239543726237,0.765625,0.24524714828897337,0.875,0.27756653992395436,0.828125,0.21863117870722434,0.78125,0.27756653992395436,0.875,0.24714828897338403,0.84375,0.026615969581749048,0.3125
2022-01-03,95037,2,"[50,80) SVI",Automated CICT,689,7,0.2900118749175353,0.7272727272727273,0.7300435413642961,0.8571428571428571,0.03193033381712627,0.14285714285714285,0.9462989840348331,1,0.12191582002902758,0.42857142857142855,0.17271407837445574,0.8571428571428571,0.23367198838896952,1,0.2539912917271408,1,0.20174165457184326,0.5714285714285714,0.251088534107402,1,0.22496371552975328,0.8571428571428571,0.02177068214804064,0.2857142857142857
2022-01-03,95046,3,"[50,80) SVI",Manual CICT,38,3,0.27751196172248804,0.7878787878787878,0.7105263157894737,1,0.02631578947368421,0,0.9473684210526315,1,0.15789473684210525,0.6666666666666666,0.23684210526315788,0.6666666666666666,0.15789473684210525,1,0.21052631578947367,1,0.15789473684210525,1,0.21052631578947367,1,0.18421052631578946,1,0.05263157894736842,0.3333333333333333
2022-01-03,95050,4,"[50,80) SVI",Manual CICT,522,30,0.3336816440264716,0.6575757575757576,0.764367816091954,0.9,0.02681992337164751,0.23333333333333334,0.9808429118773946,1,0.12643678160919541,0.5333333333333333,0.18582375478927204,0.8,0.30842911877394635,0.6666666666666666,0.34099616858237547,0.6,0.25862068965517243,0.6333333333333333,0.342911877394636,0.7666666666666667,0.289272030651341,0.8,0.04597701149425287,0.3
2022-01-03,95110,5,"[80,100] SVI",Manual CICT,333,46,0.3035763035763036,0.6383399209486166,0.7807807807807807,0.9130434782608695,0.03903903903903904,0.13043478260869565,0.8108108108108109,0.9347826086956522,0.10810810810810811,0.34782608695652173,0.2132132132132132,0.7608695652173914,0.2672672672672673,0.6304347826086957,0.2702702702702703,0.5652173913043478,0.21021021021021022,0.6739130434782609,0.3153153153153153,0.717391304347826,0.23423423423423423,0.717391304347826,0.09009009009009009,0.6304347826086957
2022-01-03,95111,5,"[80,100] SVI",Manual CICT,980,171,0.31929499072356216,0.6283891547049442,0.7693877551020408,0.847953216374269,0.036734693877551024,0.23976608187134502,0.9734693877551021,0.9707602339181286,0.12244897959183673,0.3567251461988304,0.20408163265306123,0.7485380116959064,0.27448979591836736,0.6491228070175439,0.3081632653061224,0.5146198830409356,0.22040816326530613,0.6374269005847953,0.31326530612244896,0.6900584795321637,0.2612244897959184,0.7251461988304093,0.02857142857142857,0.5321637426900585
2022-01-03,95112,4,"[80,100] SVI",Manual CICT,729,146,0.3219852849482479,0.702988792029888,0.7736625514403292,0.9315068493150684,0.0411522633744856,0.2602739726027397,0.8628257887517147,0.9452054794520548,0.11248285322359397,0.3972602739726027,0.19204389574759945,0.821917808219178,0.30864197530864196,0.7534246575342466,0.3278463648834019,0.636986301369863,0.23868312757201646,0.7534246575342466,0.35390946502057613,0.821917808219178,0.27434842249657065,0.821917808219178,0.056241426611796985,0.589041095890411
2022-01-03,95116,4,"[80,100] SVI",Manual CICT,832,147,0.317854020979021,0.6858379715522572,0.8353365384615384,0.9727891156462585,0.051682692307692304,0.2925170068027211,0.9230769230769231,0.9795918367346939,0.12259615384615384,0.3469387755102041,0.24519230769230768,0.8435374149659864,0.2608173076923077,0.7006802721088435,0.2800480769230769,0.564625850340136,0.21153846153846154,0.7074829931972789,0.2848557692307692,0.7346938775510204,0.2403846153846154,0.7687074829931972,0.040865384615384616,0.6326530612244898
2022-01-03,95117,4,"[80,100] SVI",Manual CICT,390,54,0.35874125874125873,0.696969696969697,0.8641025641025641,0.8703703703703703,0.046153846153846156,0.25925925925925924,0.9769230769230769,1,0.14615384615384616,0.46296296296296297,0.2230769230769231,0.8703703703703703,0.3128205128205128,0.6851851851851852,0.36153846153846153,0.6111111111111112,0.2923076923076923,0.7407407407407407,0.3641025641025641,0.7777777777777778,0.32564102564102565,0.8148148148148148,0.03333333333333333,0.5740740740740741
2022-01-03,95121,5,"[80,100] SVI",Manual CICT,517,65,0.3177422190961843,0.5608391608391609,0.7504835589941973,0.8461538461538461,0.029013539651837523,0.2153846153846154,0.9632495164410058,1,0.10251450676982592,0.26153846153846155,0.1644100580270793,0.6615384615384615,0.29206963249516443,0.5538461538461539,0.3230174081237911,0.47692307692307695,0.23984526112185686,0.5384615384615384,0.32108317214700194,0.6,0.2746615087040619,0.6153846153846154,0.03481624758220503,0.4
2022-01-03,95122,5,"[80,100] SVI",Manual CICT,839,117,0.3276628020370571,0.6907536907536908,0.7938021454112039,0.9572649572649573,0.05125148986889154,0.28205128205128205,0.9535160905840286,0.9829059829059829,0.11680572109654351,0.36752136752136755,0.23122765196662692,0.7863247863247863,0.2967818831942789,0.7692307692307693,0.31227651966626935,0.5299145299145299,0.22407628128724671,0.7350427350427351,0.3182359952324195,0.7948717948717948,0.2622169249106079,0.7777777777777778,0.04410011918951132,0.6153846153846154
2022-01-03,95123,3,"[50,80) SVI",Manual CICT,629,37,0.31001589825119236,0.6486486486486487,0.7106518282988871,0.8648648648648649,0.04133545310015898,0.1891891891891892,0.9427662957074722,0.918918918918919,0.13513513513513514,0.43243243243243246,0.1891891891891892,0.6756756756756757,0.287758346581876,0.7567567567567568,0.2957074721780604,0.7297297297297297,0.2273449920508744,0.6756756756756757,0.2988871224165342,0.8378378378378378,0.24960254372019078,0.7567567567567568,0.03179650238473768,0.2972972972972973
2022-01-03,95125,4,"[50,80) SVI",Manual CICT,803,51,0.28110494735650404,0.6274509803921569,0.8044831880448319,0.8823529411764706,0.0273972602739726,0.11764705882352941,0.7920298879202988,0.9411764705882353,0.10087173100871731,0.37254901960784315,0.1569115815691158,0.7254901960784313,0.23536737235367372,0.7450980392156863,0.26650062266500624,0.5882352941176471,0.1917808219178082,0.6274509803921569,0.26774595267745954,0.7647058823529411,0.2129514321295143,0.7058823529411765,0.0361145703611457,0.43137254901960786
2022-01-03,95126,2,"[50,80) SVI",Automated CICT,616,11,0.3313164108618654,0.7024793388429752,0.8344155844155844,1,0.04383116883116883,0.18181818181818182,0.849025974025974,1,0.16071428571428573,0.5454545454545454,0.22077922077922077,0.8181818181818182,0.2987012987012987,0.9090909090909091,0.33116883116883117,0.9090909090909091,0.2532467532467532,0.5454545454545454,0.32954545454545453,1,0.2840909090909091,0.6363636363636364,0.03896103896103896,0.18181818181818182
2022-01-03,95127,5,"[80,100] SVI",Manual CICT,975,172,0.3118881118881119,0.6765327695560254,0.7856410256410257,0.9127906976744186,0.041025641025641026,0.2441860465116279,0.9548717948717949,0.9941860465116279,0.12512820512820513,0.38953488372093026,0.21025641025641026,0.7790697674418605,0.2594871794871795,0.75,0.27589743589743587,0.5348837209302325,0.21435897435897436,0.7151162790697675,0.28,0.7441860465116279,0.24615384615384617,0.7674418604651163,0.03794871794871795,0.6104651162790697
2022-01-03,95128,5,"[80,100] SVI",Manual CICT,522,82,0.3340299547196099,0.6330376940133038,0.8237547892720306,0.9024390243902439,0.04597701149425287,0.2804878048780488,0.9252873563218391,0.9878048780487805,0.12643678160919541,0.3902439024390244,0.20881226053639848,0.7195121951219512,0.3007662835249042,0.6463414634146342,0.3275862068965517,0.524390243902439,0.24904214559386972,0.6585365853658537,0.3275862068965517,0.6707317073170732,0.27586206896551724,0.6829268292682927,0.06321839080459771,0.5
2022-01-03,95131,4,"[50,80) SVI",Manual CICT,381,40,0.3297542352660463,0.7545454545454545,0.7112860892388452,0.975,0.04461942257217848,0.2,0.937007874015748,1,0.11023622047244094,0.475,0.1889763779527559,0.775,0.3228346456692913,0.85,0.35170603674540685,0.825,0.27034120734908135,0.825,0.35170603674540685,0.95,0.30971128608923887,0.9,0.028871391076115485,0.525
2022-01-03,95132,3,"[50,80) SVI",Manual CICT,297,18,0.2962962962962963,0.6666666666666666,0.696969696969697,1,0.037037037037037035,0.2222222222222222,0.898989898989899,1,0.09090909090909091,0.5555555555555556,0.17845117845117844,0.6666666666666666,0.26936026936026936,0.7222222222222222,0.27946127946127947,0.6666666666666666,0.2222222222222222,0.6666666666666666,0.2828282828282828,0.6666666666666666,0.2356902356902357,0.6666666666666666,0.06734006734006734,0.5
2022-01-03,95133,4,"[80,100] SVI",Manual CICT,381,68,0.3283225960391315,0.6671122994652406,0.7900262467191601,0.9705882352941176,0.05249343832020997,0.22058823529411764,0.958005249343832,1,0.13648293963254593,0.3235294117647059,0.2099737532808399,0.7794117647058824,0.27034120734908135,0.7058823529411765,0.31496062992125984,0.5882352941176471,0.24934383202099739,0.7352941176470589,0.3123359580052493,0.7352941176470589,0.27296587926509186,0.7647058823529411,0.04461942257217848,0.5147058823529411
2022-01-03,95136,2,"[50,80) SVI",Automated CICT,799,12,0.2889976106496757,0.7348484848484849,0.7622027534418022,1,0.03379224030037547,0.25,0.8785982478097623,1,0.10638297872340426,0.5,0.16896120150187735,0.8333333333333334,0.2503128911138924,1,0.2565707133917397,0.9166666666666666,0.20275344180225283,0.5833333333333334,0.25782227784730916,1,0.22152690863579474,0.75,0.04005006257822278,0.25
2022-01-03,95148,4,"[50,80) SVI",Manual CICT,813,52,0.3199150173319915,0.5891608391608392,0.7478474784747847,0.9230769230769231,0.04305043050430504,0.17307692307692307,0.9606396063960639,1,0.10209102091020911,0.38461538461538464,0.16482164821648215,0.6153846153846154,0.2878228782287823,0.6153846153846154,0.33087330873308735,0.5384615384615384,0.23370233702337023,0.5576923076923077,0.33210332103321033,0.6538461538461539,0.27921279212792127,0.6346153846153846,0.03690036900369004,0.38461538461538464
2022-01-10,94040,4,"[50,80) SVI",Manual CICT,138,13,0.2898550724637681,0.7202797202797203,0.8623188405797102,1,0.07971014492753623,0.38461538461538464,0.9855072463768116,1,0.10144927536231885,0.3076923076923077,0.2028985507246377,0.7692307692307693,0.1956521739130435,0.6923076923076923,0.16666666666666666,0.6153846153846154,0.13768115942028986,0.7692307692307693,0.16666666666666666,0.8461538461538461,0.13768115942028986,0.8461538461538461,0.15217391304347827,0.6923076923076923
2022-01-10,94041,2,"[50,80) SVI",Automated CICT,149,4,0.31909701037217814,0.8636363636363636,0.8657718120805369,1,0.026845637583892617,0.5,0.9798657718120806,1,0.087248322147651,1,0.16778523489932887,1,0.24832214765100671,1,0.28859060402684567,1,0.24832214765100671,1,0.28187919463087246,1,0.2684563758389262,1,0.04697986577181208,0
2022-01-10,94085,2,"[50,80) SVI",Automated CICT,318,3,0.32847341337907376,0.8181818181818182,0.7987421383647799,1,0.03459119496855346,0,0.9842767295597484,1,0.1069182389937107,0.6666666666666666,0.1918238993710692,1,0.2578616352201258,1,0.34591194968553457,1,0.22327044025157233,1,0.34591194968553457,1,0.2861635220125786,1,0.03773584905660377,0.3333333333333333
2022-01-10,94086,2,"[50,80) SVI",Automated CICT,510,16,0.324777183600713,0.7897727272727273,0.8117647058823529,1,0.021568627450980392,0.1875,0.9725490196078431,1,0.10196078431372549,0.8125,0.16862745098039217,0.9375,0.26862745098039215,0.6875,0.33137254901960783,1,0.2529411764705882,1,0.3333333333333333,1,0.2803921568627451,1,0.029411764705882353,0.0625
2022-01-10,94089,4,"[50,80) SVI",Manual CICT,154,7,0.3170011806375443,0.7142857142857143,0.7467532467532467,0.8571428571428571,0.07792207792207792,0.2857142857142857,0.9415584415584416,1,0.14285714285714285,0.42857142857142855,0.24675324675324675,0.7142857142857143,0.2922077922077922,0.8571428571428571,0.2532467532467532,0.8571428571428571,0.19480519480519481,0.7142857142857143,0.2532467532467532,0.8571428571428571,0.22727272727272727,0.7142857142857143,0.11038961038961038,0.5714285714285714
2022-01-10,94301,2,"[50,80) SVI",Automated CICT,143,1,0.31595677050222504,0.8181818181818182,0.8531468531468531,1,0.03496503496503497,0,0.986013986013986,1,0.0979020979020979,1,0.1048951048951049,1,0.23076923076923078,1,0.3076923076923077,1,0.25874125874125875,1,0.3076923076923077,1,0.26573426573426573,1,0.027972027972027972,0
2022-01-10,94303,4,"[80,100] SVI",Manual CICT,112,16,0.31006493506493504,0.6193181818181819,0.7946428571428571,0.875,0.08035714285714286,0.125,0.9375,0.9375,0.13392857142857142,0.5,0.23214285714285715,0.6875,0.25892857142857145,0.625,0.24107142857142858,0.75,0.1875,0.625,0.25892857142857145,0.6875,0.19642857142857142,0.6875,0.08928571428571429,0.3125
2022-01-10,95020,4,"[80,100] SVI",Manual CICT,422,59,0.2714347264110297,0.6086286594761171,0.7251184834123223,0.9152542372881356,0.05924170616113744,0.3728813559322034,0.9170616113744076,0.9491525423728814,0.10900473933649289,0.3898305084745763,0.24644549763033174,0.8135593220338984,0.2109004739336493,0.559322033898305,0.1872037914691943,0.423728813559322,0.12796208530805686,0.5423728813559322,0.1966824644549763,0.6101694915254238,0.15876777251184834,0.6440677966101694,0.04739336492890995,0.4745762711864407
2022-01-10,95035,4,"[50,80) SVI",Manual CICT,551,41,0.26678765880217786,0.565410199556541,0.6969147005444646,0.7804878048780488,0.038112522686025406,0.1951219512195122,0.9364791288566243,0.9512195121951219,0.09800362976406533,0.3170731707317073,0.1724137931034483,0.7560975609756098,0.2250453720508167,0.6097560975609756,0.20326678765880218,0.43902439024390244,0.1542649727767695,0.5365853658536586,0.20508166969147004,0.6097560975609756,0.1705989110707804,0.6341463414634146,0.034482758620689655,0.3902439024390244
2022-01-10,95037,2,"[50,80) SVI",Automated CICT,792,13,0.28592745638200184,0.8111888111888113,0.7525252525252525,1,0.04419191919191919,0.23076923076923078,0.9570707070707071,1,0.09217171717171717,0.6153846153846154,0.16666666666666666,1,0.21085858585858586,0.9230769230769231,0.24873737373737373,0.9230769230769231,0.1856060606060606,0.8461538461538461,0.24873737373737373,0.9230769230769231,0.2058080808080808,0.9230769230769231,0.03282828282828283,0.5384615384615384
2022-01-10,95046,3,"[50,80) SVI",Automated CICT,87,1,0.28944618599791017,0.6363636363636364,0.7816091954022989,0,0.011494252873563218,0,0.9425287356321839,1,0.09195402298850575,0,0.11494252873563218,1,0.25287356321839083,1,0.28735632183908044,1,0.16091954022988506,0,0.28735632183908044,1,0.22988505747126436,1,0.022988505747126436,1
2022-01-10,95050,4,"[50,80) SVI",Manual CICT,287,18,0.2793791574279379,0.5606060606060607,0.759581881533101,0.9444444444444444,0.05574912891986063,0.16666666666666666,0.9547038327526133,0.9444444444444444,0.10801393728222997,0.4444444444444444,0.17073170731707318,0.6111111111111112,0.20905923344947736,0.6111111111111112,0.21951219512195122,0.5,0.16376306620209058,0.5555555555555556,0.21602787456445993,0.6111111111111112,0.18466898954703834,0.6111111111111112,0.0313588850174216,0.16666666666666666
2022-01-10,95110,5,"[80,100] SVI",Manual CICT,460,42,0.26877470355731226,0.6558441558441559,0.7978260869565217,0.9047619047619048,0.02826086956521739,0.30952380952380953,0.8239130434782609,0.9523809523809523,0.09565217391304348,0.5,0.1673913043478261,0.7857142857142857,0.1826086956521739,0.6904761904761905,0.20869565217391303,0.5714285714285714,0.15217391304347827,0.5476190476190477,0.25,0.6904761904761905,0.17173913043478262,0.6904761904761905,0.0782608695652174,0.5714285714285714
2022-01-10,95111,5,"[80,100] SVI",Manual CICT,1199,108,0.29228902873606794,0.6784511784511784,0.798999165971643,0.9537037037037037,0.043369474562135114,0.19444444444444445,0.963302752293578,0.9814814814814815,0.1067556296914095,0.37962962962962965,0.19182652210175147,0.8518518518518519,0.21184320266889073,0.7314814814814815,0.24603836530442036,0.5092592592592593,0.1793160967472894,0.6666666666666666,0.2468723936613845,0.7222222222222222,0.20600500417014178,0.8148148148148148,0.020850708924103418,0.6574074074074074
2022-01-10,95112,4,"[80,100] SVI",Manual CICT,498,67,0.28112449799196787,0.5915875169606513,0.7670682730923695,0.9104477611940298,0.04819277108433735,0.208955223880597,0.8433734939759037,0.9253731343283582,0.10843373493975904,0.3283582089552239,0.23092369477911648,0.7910447761194029,0.22088353413654618,0.5970149253731343,0.22088353413654618,0.4626865671641791,0.1606425702811245,0.5223880597014925,0.2389558232931727,0.5970149253731343,0.18875502008032127,0.6268656716417911,0.0642570281124498,0.5373134328358209
2022-01-10,95116,4,"[80,100] SVI",Manual CICT,445,74,0.26782431052093975,0.687960687960688,0.75505617977528094,0.9054054054054054,0.060674157303370786,0.33783783783783783,0.8606741573033708,1,0.10112359550561797,0.3108108108108108,0.19775280898876405,0.8243243243243243,0.20898876404494382,0.7432432432432432,0.19775280898876405,0.43243243243243246,0.12359550561797752,0.6756756756756757,0.20674157303370785,0.7837837837837838,0.16404494382022472,0.8243243243243243,0.0696629213483146,0.7297297297297297
2022-01-10,95117,4,"[80,100] SVI",Manual CICT,247,43,0.270887007729113,0.7040169133192389,0.8259109311740891,0.9302325581395349,0.06477732793522267,0.3488372093023256,0.9595141700404858,1,0.06477732793522267,0.4418604651162791,0.23076923076923078,0.8604651162790697,0.17408906882591094,0.627906976744186,0.17813765182186234,0.5116279069767442,0.10931174089068826,0.7674418604651163,0.17813765182186234,0.7906976744186046,0.1417004048582996,0.7906976744186046,0.05263157894736842,0.6744186046511628
2022-01-10,95121,5,"[80,100] SVI",Manual CICT,797,50,0.2836774267138132,0.6163636363636363,0.7616060225846926,0.92,0.04265997490589712,0.38,0.9510664993726474,0.98,0.10664993726474278,0.3,0.17063989962358847,0.74,0.205771643663739,0.64,0.23462986198243413,0.48,0.1806775407779172,0.54,0.23212045169385195,0.62,0.20828105395232122,0.66,0.026348808030112924,0.52
2022-01-10,95122,5,"[80,100] SVI",Manual CICT,1246,61,0.2854224427258135,0.6780923994038748,0.7680577849117175,0.9672131147540983,0.040930979133226325,0.3442622950819672,0.9526484751203852,1,0.10593900481540931,0.4262295081967213,0.2158908507223114,0.8688524590163934,0.19903691813804172,0.6557377049180327,0.2247191011235955,0.5737704918032787,0.17014446227929375,0.5901639344262295,0.22632423756019263,0.7049180327868853,0.1998394863563403,0.7049180327868853,0.036115569823434994,0.6229508196721312
2022-01-10,95123,3,"[50,80) SVI",Automated CICT,1156,18,0.2746146586977037,0.8232323232323232,0.7335640138408305,1,0.031141868512110725,0.3333333333333333,0.9083044982698962,1,0.10034602076124567,0.7777777777777778,0.1444636678200692,0.8888888888888888,0.21453287197231835,1,0.24394463667820068,1,0.18339100346020762,0.9444444444444444,0.24134948096885814,1,0.2050173010380623,0.9444444444444444,0.014705882352941176,0.16666666666666666
2022-01-10,95125,4,"[50,80) SVI",Manual CICT,352,39,0.24457644628099173,0.5944055944055944,0.7982954545454546,0.8205128205128205,0.028409090909090908,0.23076923076923078,0.8181818181818182,0.9230769230769231,0.06534090909090909,0.23076923076923078,0.1278409090909091,0.8717948717948718,0.16477272727272727,0.6153846153846154,0.1846590909090909,0.4358974358974359,0.13352272727272727,0.358974358974359,0.18181818181818182,0.6923076923076923,0.13920454545454544,0.717948717948718,0.048295454545454544,0.6410256410256411
2022-01-10,95126,2,"[50,80) SVI",Automated CICT,631,11,0.30312635066993227,0.8347107438016529,0.820919175911252,1,0.04754358161648178,0.36363636363636365,0.8652931854199684,1,0.11727416798732171,0.8181818181818182,0.1901743264659271,0.8181818181818182,0.2202852614896989,1,0.2805071315372425,1,0.22503961965134706,1,0.28526148969889065,1,0.24564183835182252,1,0.03645007923930269,0.18181818181818182
2022-01-10,95127,5,"[80,100] SVI",Manual CICT,1335,91,0.2630575417092271,0.6333666333666333,0.7617977528089888,0.8791208791208791,0.03295880149812734,0.31868131868131866,0.9288389513108615,0.978021978021978,0.08614232209737828,0.3626373626373626,0.18202247191011237,0.8021978021978022,0.1850187265917603,0.6703296703296703,0.18801498127340824,0.5824175824175825,0.13707865168539327,0.5494505494505495,0.19176029962546817,0.6593406593406593,0.1655430711610487,0.6923076923076923,0.03445692883895131,0.4725274725274725
2022-01-10,95128,5,"[80,100] SVI",Manual CICT,521,46,0.29610888152154946,0.7154150197628458,0.7946257197696737,0.8913043478260869,0.04030710172744722,0.34782608695652173,0.9366602687140115,1,0.1036468330134357,0.5217391304347826,0.19577735124760076,0.9130434782608695,0.22648752399232247,0.6956521739130435,0.2476007677543186,0.5652173913043478,0.19961612284069097,0.7608695652173914,0.2476007677543186,0.7608695652173914,0.21305182341650672,0.8260869565217391,0.05182341650671785,0.5869565217391305
2022-01-10,95131,4,"[50,80) SVI",Manual CICT,203,16,0.2794446932377967,0.6022727272727273,0.6699507389162561,0.875,0.054187192118226604,0.25,0.9359605911330049,1,0.10837438423645321,0.375,0.1921182266009852,0.5625,0.21182266009852216,0.5625,0.24630541871921183,0.5,0.1724137931034483,0.625,0.24630541871921183,0.6875,0.20689655172413793,0.6875,0.029556650246305417,0.5
2022-01-10,95132,3,"[50,80) SVI",Automated CICT,657,12,0.26802269268022694,0.8257575757575758,0.7229832572298326,1,0.0258751902587519,0.3333333333333333,0.9528158295281582,1,0.0928462709284627,0.75,0.1400304414003044,0.9166666666666666,0.1887366818873668,0.9166666666666666,0.2237442922374429,0.8333333333333334,0.167427701674277,0.9166666666666666,0.2237442922374429,0.9166666666666666,0.1856925418569254,1,0.0243531202435312,0.5
2022-01-10,95133,4,"[80,100] SVI",Manual CICT,239,29,0.2696842906047927,0.5266457680250783,0.7238493723849372,0.7586206896551724,0.04184100418410042,0.3448275862068966,0.9246861924686193,0.9655172413793104,0.0794979079497908,0.27586206896551724,0.20920502092050208,0.6551724137931034,0.2175732217573222,0.5172413793103449,0.20920502092050208,0.3448275862068966,0.15481171548117154,0.3793103448275862,0.20920502092050208,0.5517241379310345,0.17573221757322174,0.5517241379310345,0.02092050209205021,0.4482758620689655
2022-01-10,95136,2,"[50,80) SVI",Automated CICT,864,10,0.2993476430976431,0.7363636363636363,0.8055555555555556,0.9,0.047453703703703706,0.1,0.8657407407407407,1,0.11226851851851852,0.5,0.16666666666666666,0.5,0.23726851851851852,1,0.29050925925925924,1,0.20717592592592593,1,0.28935185185185186,1,0.23842592592592593,1,0.032407407407407406,0.1
2022-01-10,95148,4,"[50,80) SVI",Manual CICT,454,39,0.2781337605126151,0.7226107226107226,0.737885462555066,0.9487179487179487,0.05286343612334802,0.4358974358974359,0.9185022026431718,1,0.11674008810572688,0.46153846153846156,0.21145374449339208,0.8461538461538461,0.18061674008810572,0.7435897435897436,0.23348017621145375,0.6410256410256411,0.16519823788546256,0.6666666666666666,0.23127753303964757,0.8205128205128205,0.1894273127753304,0.7692307692307693,0.022026431718061675,0.6153846153846154
2022-01-17,94040,4,"[50,80) SVI",Automated CICT,591,9,0.2961082910321489,0.8181818181818182,0.8764805414551607,1,0.032148900169204735,0.2222222222222222,0.9796954314720813,1,0.08798646362098139,0.7777777777777778,0.16074450084602368,1,0.19796954314720813,0.8888888888888888,0.2470389170896785,0.8888888888888888,0.19289340101522842,1,0.24873096446700507,1,0.2098138747884941,1,0.023688663282571912,0.2222222222222222
2022-01-17,94041,2,"[50,80) SVI",Automated CICT,241,3,0.34326669181440966,0.7575757575757576,0.8672199170124482,1,0.03319502074688797,0,0.966804979253112,1,0.0912863070539419,0.6666666666666666,0.1991701244813278,0.6666666666666666,0.3070539419087137,1,0.34024896265560167,1,0.27385892116182575,1,0.34439834024896265,1,0.3112033195020747,1,0.04149377593360996,0
2022-01-17,94085,2,"[50,80) SVI",Automated CICT,526,12,0.2908745247148289,0.7954545454545454,0.8193916349809885,1,0.04182509505703422,0.3333333333333333,0.9600760456273765,1,0.0817490494296578,0.75,0.15399239543726237,0.9166666666666666,0.2224334600760456,0.8333333333333334,0.2585551330798479,0.8333333333333334,0.17870722433460076,0.9166666666666666,0.2585551330798479,1,0.20722433460076045,1,0.017110266159695818,0.16666666666666666
2022-01-17,94086,2,"[50,80) SVI",Automated CICT,887,9,0.2911755662601209,0.7474747474747475,0.7891770011273957,1,0.030439684329199548,0,0.95152198421646,1,0.08680947012401354,0.6666666666666666,0.13979706877113868,1,0.2254791431792559,0.7777777777777778,0.27395715896279593,0.8888888888888888,0.19729425028184894,0.8888888888888888,0.26944757609921083,0.8888888888888888,0.2254791431792559,1,0.013528748590755355,0.1111111111111111
2022-01-17,94089,4,"[50,80) SVI",Automated CICT,477,17,0.33276157804459694,0.7379679144385027,0.8259958071278826,0.8823529411764706,0.041928721174004195,0.17647058823529413,0.9643605870020965,0.8823529411764706,0.1320754716981132,0.47058823529411764,0.1970649895178197,1,0.27882599580712786,0.8823529411764706,0.3249475890985325,0.7058823529411765,0.2557651991614256,0.6470588235294118,0.3228511530398323,0.9411764705882353,0.2830188679245283,1,0.033542976939203356,0.5294117647058824
2022-01-17,94301,2,"[50,80) SVI",Automated CICT,247,3,0.29223408170776594,0.787878787878788,0.8906882591093117,1,0.008097165991902834,0,0.9838056680161943,1,0.0728744939271255,0.6666666666666666,0.1417004048582996,1,0.21862348178137653,1,0.23481781376518218,1,0.19838056680161945,1,0.23481781376518218,1,0.2145748987854251,1,0.016194331983805668,0
2022-01-17,94303,4,"[80,100] SVI",Automated CICT,320,5,0.2838068181818182,0.8,0.896875,1,0.025,0.2,0.978125,1,0.065625,0.6,0.121875,1,0.178125,1,0.215625,0.8,0.18125,0.8,0.2125,1,0.196875,1,0.05,0.4
2022-01-17,95020,4,"[80,100] SVI",Automated CICT,1965,57,0.28993754337265787,0.7065390749601276,0.7755725190839695,0.8421052631578947,0.0366412213740458,0.2631578947368421,0.9659033078880407,0.9298245614035088,0.09720101781170483,0.47368421052631576,0.16895674300254454,0.9298245614035088,0.21323155216284986,0.6842105263157895,0.2559796437659033,0.631578947368421,0.18422391857506362,0.49122807017543857,0.2544529262086514,0.9122807017543859,0.2152671755725191,0.9649122807017544,0.02188295165394402,0.6491228070175439
2022-01-17,95035,4,"[50,80) SVI",Automated CICT,1672,30,0.29012614180078294,0.7636363636363637,0.7051435406698564,0.9,0.02930622009569378,0.13333333333333333,0.9623205741626795,0.9666666666666667,0.09150717703349283,0.7666666666666667,0.14354066985645933,0.8666666666666667,0.25299043062200954,0.8333333333333334,0.27332535885167464,0.9,0.20095693779904306,0.8666666666666667,0.27212918660287083,1,0.23205741626794257,1,0.028110047846889953,0.16666666666666666
2022-01-17,95037,2,"[50,80) SVI",Automated CICT,1431,23,0.27768248522965505,0.7944664031620553,0.816911250873515,1,0.026554856743535988,0.30434782608695654,0.9706498951781971,1,0.08944793850454227,0.7391304347826086,0.14675052410901468,0.8695652173913043,0.1949685534591195,0.782608695652174,0.22292103424178897,0.9565217391304348,0.15723270440251572,0.9565217391304348,0.22292103424178897,0.9565217391304348,0.18099231306778477,0.9130434782608695,0.025157232704402517,0.2608695652173913
2022-01-17,95046,3,"[50,80) SVI",Automated CICT,200,1,0.29,1,0.86,1,0.02,1,0.95,1,0.11,1,0.175,1,0.195,1,0.245,1,0.175,1,0.24,1,0.195,1,0.025,1
2022-01-17,95050,4,"[50,80) SVI",Automated CICT,970,25,0.276194939081537,0.7236363636363636,0.7731958762886598,0.76,0.01958762886597938,0.08,0.9536082474226805,0.96,0.08453608247422681,0.76,0.14123711340206185,0.92,0.19896907216494844,0.72,0.2443298969072165,0.84,0.1670103092783505,0.84,0.24536082474226803,0.96,0.19381443298969073,0.96,0.016494845360824743,0.16
2022-01-17,95110,5,"[80,100] SVI",Manual CICT,741,98,0.2749355907250644,0.5658627087198516,0.8002699055330634,0.9387755102040817,0.032388663967611336,0.12244897959183673,0.8677462887989204,0.7959183673469388,0.09041835357624832,0.25510204081632654,0.18758434547908232,0.6836734693877551,0.20107962213225372,0.5918367346938775,0.22402159244264508,0.5102040816326531,0.17273954116059378,0.5408163265306123,0.23751686909581646,0.6122448979591837,0.18488529014844804,0.673469387755102,0.02564102564102564,0.5
2022-01-17,95111,5,"[80,100] SVI",Manual CICT,2312,198,0.2753224284366153,0.5766758494031221,0.7993079584775087,0.9191919191919192,0.030709342560553632,0.19696969696969696,0.9563148788927336,0.9949494949494949,0.08953287197231834,0.25252525252525254,0.16868512110726644,0.6666666666666666,0.18771626297577854,0.5808080808080808,0.21539792387543252,0.51010101010101,0.1583044982698962,0.5202020202020202,0.21626297577854672,0.6060606060606061,0.18728373702422146,0.6262626262626263,0.01903114186851211,0.4696969696969697
2022-01-17,95112,4,"[80,100] SVI",Automated CICT,1748,47,0.2715311004784689,0.7562862669245648,0.7991990846681922,0.8936170212765957,0.02803203661327231,0.23404255319148937,0.8667048054919908,0.9574468085106383,0.08752860411899313,0.6382978723404256,0.15846681922196795,0.9361702127659575,0.2036613272311213,0.8297872340425532,0.2334096109839817,0.7446808510638298,0.16304347826086957,0.7659574468085106,0.238558352402746,0.9361702127659575,0.18878718535469108,0.9787234042553191,0.019450800915331808,0.40425531914893614
2022-01-17,95116,4,"[80,100] SVI",Automated CICT,2109,55,0.27328764170869435,0.7619834710743801,0.8202939781887151,0.9272727272727272,0.0388809862494073,0.2727272727272727,0.903271692745377,0.9272727272727272,0.07965860597439545,0.5636363636363636,0.18018018018018017,0.9818181818181818,0.17354196301564723,0.8727272727272727,0.21763869132290184,0.7272727272727273,0.15742057847321006,0.8727272727272727,0.2195353247984827,0.8909090909090909,0.18207681365576103,0.9272727272727272,0.03366524419155998,0.41818181818181815
2022-01-17,95117,4,"[80,100] SVI",Automated CICT,923,18,0.2771594602580518,0.7323232323232324,0.8309859154929577,0.9444444444444444,0.032502708559046585,0.2222222222222222,0.9761646803900325,1,0.0780065005417118,0.5,0.1657638136511376,0.7777777777777778,0.18418201516793067,0.7222222222222222,0.21018418201516792,0.6666666666666666,0.15492957746478872,0.7222222222222222,0.2112676056338028,1,0.180931744312026,1,0.023835319609967497,0.5
2022-01-17,95121,5,"[80,100] SVI",Manual CICT,1176,116,0.2789888682745826,0.5838557993730408,0.7508503401360545,0.8879310344827587,0.03741496598639456,0.16379310344827586,0.9702380952380952,1,0.07993197278911565,0.3017241379310345,0.15051020408163265,0.6810344827586207,0.20493197278911565,0.5431034482758621,0.24064625850340135,0.5344827586206896,0.1683673469387755,0.5172413793103449,0.24404761904761904,0.6293103448275862,0.19812925170068027,0.6810344827586207,0.023809523809523808,0.4827586206896552
2022-01-17,95122,5,"[80,100] SVI",Manual CICT,2063,176,0.2745780637200899,0.5433884297520661,0.7838099854580708,0.8920454545454546,0.031022782355792537,0.21022727272727273,0.9486185167232186,0.9715909090909091,0.09112942317014057,0.30113636363636365,0.18807561803199224,0.6193181818181818,0.18419777023751818,0.5284090909090909,0.21861366941347551,0.4431818181818182,0.1512360639844886,0.4715909090909091,0.22152205525933108,0.5340909090909091,0.1769268056228793,0.5852272727272727,0.025206010664081433,0.42045454545454547
2022-01-17,95123,3,"[50,80) SVI",Automated CICT,1975,27,0.284741081703107,0.7676767676767677,0.7726582278481012,0.9629629629629629,0.0369620253164557,0.2222222222222222,0.9189873417721519,0.9629629629629629,0.09974683544303797,0.6666666666666666,0.1559493670886076,0.8888888888888888,0.22936708860759494,0.8518518518518519,0.24658227848101266,0.8888888888888888,0.1929113924050633,0.8888888888888888,0.2470886075949367,0.9629629629629629,0.21316455696202533,0.9629629629629629,0.018734177215189874,0.18518518518518517
2022-01-17,95125,4,"[50,80) SVI",Automated CICT,1208,45,0.27031908488862133,0.6747474747474748,0.8104304635761589,0.8,0.024006622516556293,0.08888888888888889,0.7889072847682119,0.9333333333333333,0.10182119205298014,0.37777777777777777,0.15728476821192053,1,0.21274834437086093,0.6666666666666666,0.23096026490066227,0.4666666666666667,0.17963576158940397,0.4222222222222222,0.2326158940397351,1,0.20281456953642385,1,0.03228476821192053,0.6666666666666666
2022-01-17,95126,2,"[50,80) SVI",Automated CICT,984,17,0.27540650406504064,0.8074866310160428,0.8272357723577236,1,0.03861788617886179,0.35294117647058826,0.8221544715447154,1,0.08739837398373984,0.8823529411764706,0.14735772357723578,0.9411764705882353,0.22357723577235772,0.8823529411764706,0.24491869918699186,0.9411764705882353,0.1758130081300813,0.9411764705882353,0.24491869918699186,0.9411764705882353,0.19715447154471544,0.9411764705882353,0.02032520325203252,0.058823529411764705
2022-01-17,95127,5,"[80,100] SVI",Manual CICT,2227,164,0.2796260766624485,0.5288248337028825,0.8190390660080826,0.9146341463414634,0.03906600808262236,0.15853658536585366,0.957341715312079,0.9878048780487805,0.08217332734620565,0.23170731707317074,0.1571621014818141,0.6341463414634146,0.19443197126178716,0.5121951219512195,0.22406825325550067,0.3902439024390244,0.163897620116749,0.4634146341463415,0.22541535698248766,0.5365853658536586,0.18994162550516389,0.5914634146341463,0.02334979793444095,0.39634146341463417
2022-01-17,95128,5,"[80,100] SVI",Manual CICT,923,77,0.2826750714074658,0.5678866587957497,0.7778981581798483,0.8961038961038961,0.03791982665222102,0.15584415584415584,0.9371614301191766,0.948051948051948,0.10509209100758396,0.3116883116883117,0.18634886240520043,0.7012987012987013,0.21560130010834236,0.5584415584415584,0.22318526543878656,0.4675324675324675,0.16793066088840736,0.5064935064935064,0.2210184182015168,0.6103896103896104,0.18309859154929578,0.6623376623376623,0.05417118093174431,0.42857142857142855
2022-01-17,95131,4,"[50,80) SVI",Automated CICT,668,7,0.29001088731627656,0.8181818181818182,0.7514970059880239,1,0.038922155688622756,0.2857142857142857,0.9431137724550899,1,0.1062874251497006,0.8571428571428571,0.16167664670658682,1,0.21706586826347304,1,0.26646706586826346,0.8571428571428571,0.18862275449101795,0.8571428571428571,0.25898203592814373,1,0.22904191616766467,1,0.02844311377245509,0.14285714285714285
2022-01-17,95132,3,"[50,80) SVI",Automated CICT,1016,14,0.3076234788833214,0.7467532467532467,0.8011811023622047,0.8571428571428571,0.03937007874015748,0.21428571428571427,0.968503937007874,0.9285714285714286,0.10531496062992125,0.7857142857142857,0.1673228346456693,0.9285714285714286,0.24803149606299213,0.8571428571428571,0.2795275590551181,0.7142857142857143,0.2204724409448819,0.8571428571428571,0.2824803149606299,0.8571428571428571,0.2421259842519685,0.9285714285714286,0.02952755905511811,0.2857142857142857
2022-01-17,95133,4,"[80,100] SVI",Automated CICT,811,9,0.30254455778500167,0.6060606060606061,0.8027127003699137,0.7777777777777778,0.04315659679408138,0,0.966707768187423,0.8888888888888888,0.09124537607891492,0.3333333333333333,0.16029593094944514,0.8888888888888888,0.22071516646115907,0.5555555555555556,0.2848335388409371,0.6666666666666666,0.2034525277435265,0.5555555555555556,0.2872996300863132,0.8888888888888888,0.23921085080147966,0.8888888888888888,0.02836004932182491,0.2222222222222222
2022-01-17,95136,2,"[50,80) SVI",Automated CICT,1270,16,0.2828203292770222,0.8295454545454546,0.7968503937007874,1,0.03622047244094488,0.3125,0.8818897637795275,1,0.0984251968503937,0.9375,0.14330708661417324,1,0.21653543307086615,0.75,0.2543307086614173,0.875,0.18818897637795276,1,0.2574803149606299,1,0.21653543307086615,1,0.02125984251968504,0.25
2022-01-17,95148,4,"[50,80) SVI",Automated CICT,1395,14,0.2847181492342783,0.8181818181818182,0.7720430107526882,1,0.034408602150537634,0.2857142857142857,0.9483870967741935,1,0.08888888888888889,0.8571428571428571,0.13906810035842293,0.9285714285714286,0.2007168458781362,0.9285714285714286,0.25949820788530464,0.9285714285714286,0.18853046594982079,0.9285714285714286,0.25878136200716845,0.9285714285714286,0.21792114695340503,0.9285714285714286,0.023655913978494623,0.2857142857142857
2022-01-24,94040,4,"[50,80) SVI",Automated CICT,296,4,0.2951474201474201,0.75,0.8817567567567568,1,0.02027027027027027,0,0.9831081081081081,1,0.10472972972972973,0.75,0.18243243243243243,1,0.21283783783783783,1,0.22972972972972974,0.5,0.17567567567567569,0.75,0.22972972972972974,1,0.20270270270270271,0.75,0.02364864864864865,0.5
2022-01-24,94041,2,"[50,80) SVI",Automated CICT,106,0,0.330188679245283,NA,0.8018867924528302,NA,0.04716981132075472,NA,0.9528301886792453,NA,0.11320754716981132,NA,0.19811320754716982,NA,0.25471698113207547,NA,0.33962264150943394,NA,0.2641509433962264,NA,0.330188679245283,NA,0.2830188679245283,NA,0.04716981132075472,NA
2022-01-24,94085,2,"[50,80) SVI",Automated CICT,228,2,0.3580542264752791,0.6363636363636364,0.8245614035087719,1,0.03070175438596491,0,0.9649122807017544,1,0.15789473684210525,0,0.2324561403508772,0,0.3201754385964912,1,0.3815789473684211,1,0.29385964912280704,1,0.37719298245614036,1,0.32456140350877194,1,0.03070175438596491,0
2022-01-24,94086,2,"[50,80) SVI",Automated CICT,462,1,0.30972058244785516,0.8181818181818182,0.7424242424242424,1,0.045454545454545456,0,0.961038961038961,1,0.11904761904761904,1,0.17532467532467533,1,0.2597402597402597,1,0.2857142857142857,1,0.23376623376623376,1,0.2857142857142857,1,0.2597402597402597,1,0.03896103896103896,0
2022-01-24,94089,4,"[50,80) SVI",Automated CICT,277,3,0.3006235641614703,0.5454545454545454,0.8014440433212996,0.6666666666666666,0.04332129963898917,0,0.9638989169675091,0.6666666666666666,0.06498194945848375,0.3333333333333333,0.1299638989169675,1,0.23465703971119134,0.3333333333333333,0.2851985559566787,0.3333333333333333,0.22021660649819494,0.3333333333333333,0.2924187725631769,0.6666666666666666,0.24187725631768953,1,0.02888086642599278,0.6666666666666666
2022-01-24,94301,2,"[50,80) SVI",Automated CICT,144,0,0.32512626262626265,NA,0.8819444444444444,NA,0.027777777777777776,NA,0.9583333333333334,NA,0.1527777777777778,NA,0.2361111111111111,NA,0.22916666666666666,NA,0.2777777777777778,NA,0.2361111111111111,NA,0.2777777777777778,NA,0.2569444444444444,NA,0.041666666666666664,NA
2022-01-24,94303,4,"[80,100] SVI",Automated CICT,132,1,0.3154269972451791,1,0.8560606060606061,1,0.045454545454545456,1,0.9621212121212122,1,0.12121212121212122,1,0.18181818181818182,1,0.2727272727272727,1,0.2803030303030303,1,0.2196969696969697,1,0.2803030303030303,1,0.22727272727272727,1,0.022727272727272728,1
2022-01-24,95020,4,"[80,100] SVI",Automated CICT,976,9,0.3188338301043219,0.7474747474747475,0.7930327868852459,1,0.055327868852459015,0.2222222222222222,0.9600409836065574,1,0.12295081967213115,0.7777777777777778,0.20081967213114754,0.8888888888888888,0.2735655737704918,0.8888888888888888,0.29098360655737704,0.7777777777777778,0.22540983606557377,0.6666666666666666,0.29610655737704916,0.8888888888888888,0.2581967213114754,0.8888888888888888,0.030737704918032786,0.2222222222222222
2022-01-24,95035,4,"[50,80) SVI",Automated CICT,871,2,0.3118672372403716,0.6363636363636364,0.764638346727899,1,0.045924225028702644,0,0.9701492537313433,1,0.11251435132032148,0,0.15958668197474168,0.5,0.2743972445464983,0.5,0.2927669345579793,1,0.2330654420206659,1,0.2939150401836969,1,0.25832376578645233,1,0.02525832376578645,0
2022-01-24,95037,2,"[50,80) SVI",Automated CICT,715,3,0.319389701207883,0.8181818181818181,0.8055944055944056,1,0.05034965034965035,0.3333333333333333,0.9678321678321679,1,0.11748251748251748,0.6666666666666666,0.1944055944055944,0.6666666666666666,0.2811188811188811,1,0.2867132867132867,1,0.22797202797202798,1,0.2881118881118881,1,0.24895104895104894,1,0.044755244755244755,0.3333333333333333
2022-01-24,95046,3,"[50,80) SVI",Automated CICT,120,0,0.278030303030303,NA,0.7333333333333333,NA,0.05,NA,0.9333333333333333,NA,0.11666666666666667,NA,0.20833333333333334,NA,0.20833333333333334,NA,0.20833333333333334,NA,0.16666666666666666,NA,0.20833333333333334,NA,0.2,NA,0.025,NA
2022-01-24,95050,4,"[50,80) SVI",Automated CICT,560,4,0.30357142857142855,0.8181818181818181,0.775,1,0.04642857142857143,0.5,0.9464285714285714,0.75,0.11785714285714285,0.75,0.2,1,0.24285714285714285,1,0.26785714285714285,0.75,0.19642857142857142,1,0.26964285714285713,0.75,0.23392857142857143,1,0.04285714285714286,0.5
2022-01-24,95110,5,"[80,100] SVI",Manual CICT,296,73,0.3083538083538084,0.47073474470734744,0.8108108108108109,0.9452054794520548,0.04391891891891892,0.1506849315068493,0.8952702702702703,0.8904109589041096,0.12837837837837837,0.1917808219178082,0.22972972972972974,0.5205479452054794,0.2195945945945946,0.3972602739726027,0.2702702702702703,0.4246575342465753,0.2195945945945946,0.3424657534246575,0.30405405405405406,0.4794520547945205,0.22972972972972974,0.4520547945205479,0.04054054054054054,0.3835616438356164
2022-01-24,95111,5,"[80,100] SVI",Manual CICT,977,188,0.2990602028473062,0.5072533849129593,0.7963152507676561,0.9042553191489362,0.03582395087001024,0.1595744680851064,0.9457523029682702,0.9574468085106383,0.10440122824974411,0.19680851063829788,0.22210849539406347,0.5638297872340425,0.23439099283520984,0.5,0.2548618219037871,0.425531914893617,0.18935516888433981,0.3723404255319149,0.2661207778915046,0.5053191489361702,0.21699078812691913,0.5478723404255319,0.02354145342886387,0.44680851063829785
2022-01-24,95112,4,"[80,100] SVI",Automated CICT,868,22,0.29053204859656473,0.6776859504132231,0.7741935483870968,0.6363636363636364,0.03571428571428571,0.22727272727272727,0.8559907834101382,0.8636363636363636,0.09907834101382489,0.5454545454545454,0.18778801843317972,0.8636363636363636,0.24539170506912442,0.7727272727272727,0.2626728110599078,0.6818181818181818,0.19930875576036866,0.5909090909090909,0.2730414746543779,0.9090909090909091,0.2350230414746544,0.9090909090909091,0.027649769585253458,0.45454545454545453
2022-01-24,95116,4,"[80,100] SVI",Automated CICT,1104,17,0.2858201581027668,0.8663101604278075,0.8197463768115942,1,0.04076086956521739,0.29411764705882354,0.9121376811594203,1,0.09239130434782608,0.8235294117647058,0.1721014492753623,1,0.22192028985507245,0.9411764705882353,0.2346014492753623,0.8235294117647058,0.17391304347826086,1,0.2391304347826087,1,0.20833333333333334,1,0.028985507246376812,0.6470588235294118
2022-01-24,95117,4,"[80,100] SVI",Automated CICT,450,7,0.2828282828282828,0.7142857142857143,0.7511111111111111,1,0.03111111111111111,0,0.9177777777777778,1,0.09777777777777778,0.2857142857142857,0.18,0.8571428571428571,0.22,0.7142857142857143,0.24888888888888888,0.7142857142857143,0.18666666666666668,0.8571428571428571,0.24666666666666667,1,0.20222222222222222,0.8571428571428571,0.028888888888888888,0.5714285714285714
2022-01-24,95121,5,"[80,100] SVI",Manual CICT,575,83,0.3389723320158103,0.5224534501642936,0.8191304347826087,0.9156626506024096,0.05565217391304348,0.13253012048192772,0.9617391304347827,0.9879518072289156,0.15304347826086956,0.1566265060240964,0.25217391304347825,0.5903614457831325,0.28347826086956524,0.4939759036144578,0.32,0.4819277108433735,0.24869565217391304,0.4457831325301205,0.3234782608695652,0.5301204819277109,0.2747826086956522,0.5662650602409639,0.036521739130434785,0.4457831325301205
2022-01-24,95122,5,"[80,100] SVI",Manual CICT,983,182,0.29945436049200036,0.515984015984016,0.8036622583926755,0.9065934065934066,0.03662258392675483,0.09340659340659341,0.9298067141403866,0.9835164835164835,0.1017293997965412,0.23076923076923078,0.2115971515768057,0.5769230769230769,0.2624618514750763,0.4945054945054945,0.25635808748728384,0.4340659340659341,0.19023397761953204,0.4340659340659341,0.26042726347914547,0.5274725274725275,0.22278738555442523,0.5659340659340659,0.018311291963377416,0.42857142857142855
2022-01-24,95123,3,"[50,80) SVI",Automated CICT,906,7,0.3118603251053582,0.7792207792207793,0.7494481236203091,1,0.04083885209713024,0.2857142857142857,0.9116997792494481,1,0.11589403973509933,0.8571428571428571,0.17991169977924945,1,0.31015452538631344,0.8571428571428571,0.30242825607064017,0.8571428571428571,0.22958057395143489,0.8571428571428571,0.30242825607064017,0.8571428571428571,0.2571743929359823,0.8571428571428571,0.03090507726269316,0.14285714285714285
2022-01-24,95125,4,"[50,80) SVI",Automated CICT,584,4,0.3085305105853051,0.6818181818181818,0.7551369863013698,0.5,0.030821917808219176,0.25,0.8715753424657534,0.75,0.13013698630136986,0.5,0.18493150684931506,1,0.2893835616438356,1,0.3065068493150685,0.5,0.22773972602739725,0.5,0.3133561643835616,1,0.2568493150684932,1,0.0273972602739726,0.5
2022-01-24,95126,2,"[50,80) SVI",Automated CICT,450,2,0.3373737373737374,0.7727272727272727,0.8177777777777778,1,0.057777777777777775,0,0.8777777777777778,1,0.14222222222222222,0.5,0.20444444444444446,1,0.3088888888888889,1,0.3422222222222222,1,0.28,1,0.34444444444444444,1,0.3022222222222222,1,0.03333333333333333,0
2022-01-24,95127,5,"[80,100] SVI",Manual CICT,1075,189,0.2881183932346723,0.5175565175565175,0.7804651162790698,0.8783068783068783,0.05116279069767442,0.19576719576719576,0.9255813953488372,0.9523809523809523,0.12279069767441861,0.21693121693121692,0.21395348837209302,0.5873015873015873,0.2288372093023256,0.4708994708994709,0.22604651162790698,0.42328042328042326,0.17116279069767443,0.3915343915343915,0.22511627906976744,0.5238095238095238,0.1925581395348837,0.5714285714285714,0.03162790697674418,0.48148148148148145
2022-01-24,95128,5,"[80,100] SVI",Manual CICT,383,66,0.3102302397341562,0.46143250688705234,0.7075718015665796,0.803030303030303,0.07049608355091384,0.12121212121212122,0.8825065274151436,0.9848484848484849,0.1279373368146214,0.19696969696969696,0.2689295039164491,0.5303030303030303,0.2793733681462141,0.3939393939393939,0.2793733681462141,0.42424242424242425,0.2245430809399478,0.3181818181818182,0.27676240208877284,0.4696969696969697,0.2506527415143603,0.4696969696969697,0.044386422976501305,0.36363636363636365
2022-01-24,95131,4,"[50,80) SVI",Automated CICT,344,4,0.3089323467230444,0.7954545454545455,0.7267441860465116,1,0.0436046511627907,0,0.9273255813953488,1,0.10174418604651163,0.75,0.17151162790697674,1,0.29069767441860467,1,0.30523255813953487,1,0.22674418604651161,0.75,0.30523255813953487,1,0.26744186046511625,1,0.03197674418604651,0.25
2022-01-24,95132,3,"[50,80) SVI",Automated CICT,488,3,0.30476900149031294,0.7272727272727273,0.7622950819672131,1,0.03483606557377049,0,0.9405737704918032,1,0.09016393442622951,1,0.1598360655737705,1,0.26844262295081966,0.3333333333333333,0.3012295081967213,0.6666666666666666,0.21721311475409835,0.6666666666666666,0.29918032786885246,1,0.2540983606557377,1,0.02459016393442623,0.3333333333333333
2022-01-24,95133,4,"[80,100] SVI",Automated CICT,387,7,0.308902983321588,0.8181818181818182,0.8062015503875969,1,0.046511627906976744,0,0.9560723514211886,1,0.13695090439276486,0.5714285714285714,0.2248062015503876,0.8571428571428571,0.2558139534883721,1,0.2661498708010336,1,0.2041343669250646,1,0.26356589147286824,1,0.2248062015503876,1,0.012919896640826873,0.5714285714285714
2022-01-24,95136,2,"[50,80) SVI",Automated CICT,618,7,0.29523389232127095,0.8051948051948052,0.7135922330097088,1,0.05825242718446602,0.2857142857142857,0.8592233009708737,1,0.09870550161812297,0.7142857142857143,0.1779935275080906,0.8571428571428571,0.27993527508090615,0.8571428571428571,0.28640776699029125,0.8571428571428571,0.21197411003236247,0.8571428571428571,0.284789644012945,1,0.24110032362459546,1,0.03559870550161812,0.42857142857142855
2022-01-24,95148,4,"[50,80) SVI",Automated CICT,684,4,0.2957203615098352,0.6818181818181819,0.7690058479532164,1,0.029239766081871343,0.25,0.9532163742690059,1,0.097953216374269,0.75,0.1608187134502924,0.75,0.25584795321637427,0.75,0.2646198830409357,0.75,0.20175438596491227,0.75,0.2631578947368421,0.75,0.2236842105263158,0.75,0.033625730994152045,0
2022-01-31,94040,4,"[50,80) SVI",Automated CICT,65,0,0.2951048951048951,NA,0.7846153846153846,NA,0.03076923076923077,NA,0.9230769230769231,NA,0.09230769230769231,NA,0.13846153846153847,NA,0.27692307692307694,NA,0.2923076923076923,NA,0.18461538461538463,NA,0.2923076923076923,NA,0.2153846153846154,NA,0.015384615384615385,NA
2022-01-31,94041,2,"[50,80) SVI",Automated CICT,19,0,0.2631578947368421,NA,0.7894736842105263,NA,0.05263157894736842,NA,0.8947368421052632,NA,0.10526315789473684,NA,0.10526315789473684,NA,0.05263157894736842,NA,0.2631578947368421,NA,0.15789473684210525,NA,0.2631578947368421,NA,0.15789473684210525,NA,0.05263157894736842,NA
2022-01-31,94085,2,"[50,80) SVI",Automated CICT,32,0,0.30965909090909094,NA,0.6875,NA,0.0625,NA,0.96875,NA,0.21875,NA,0.21875,NA,0.15625,NA,0.34375,NA,0.1875,NA,0.34375,NA,0.21875,NA,0,NA
2022-01-31,94086,2,"[50,80) SVI",Automated CICT,93,0,0.2785923753665689,NA,0.7526881720430108,NA,0.021505376344086023,NA,0.956989247311828,NA,0.10752688172043011,NA,0.17204301075268819,NA,0.21505376344086022,NA,0.26881720430107525,NA,0.13978494623655913,NA,0.26881720430107525,NA,0.13978494623655913,NA,0.021505376344086023,NA
2022-01-31,94089,4,"[50,80) SVI",Automated CICT,34,0,0.21122994652406418,NA,0.6470588235294118,NA,0.029411764705882353,NA,0.8823529411764706,NA,0.058823529411764705,NA,0.08823529411764706,NA,0.08823529411764706,NA,0.17647058823529413,NA,0.08823529411764706,NA,0.17647058823529413,NA,0.08823529411764706,NA,0,NA
2022-01-31,94301,2,"[50,80) SVI",Automated CICT,20,0,0.33636363636363636,NA,0.9,NA,0,NA,1,NA,0.1,NA,0.1,NA,0.3,NA,0.4,NA,0.25,NA,0.35,NA,0.25,NA,0.05,NA
2022-01-31,94303,4,"[80,100] SVI",Automated CICT,16,0,0.39204545454545453,NA,0.6875,NA,0.0625,NA,1,NA,0.1875,NA,0.25,NA,0.5,NA,0.4375,NA,0.3125,NA,0.4375,NA,0.375,NA,0.0625,NA
2022-01-31,95020,4,"[80,100] SVI",Automated CICT,217,0,0.29493087557603687,NA,0.783410138248848,NA,0.03686635944700461,NA,0.9539170506912442,NA,0.11981566820276497,NA,0.15207373271889402,NA,0.22119815668202766,NA,0.31797235023041476,NA,0.12903225806451613,NA,0.3225806451612903,NA,0.16589861751152074,NA,0.041474654377880185,NA
2022-01-31,95035,4,"[50,80) SVI",Automated CICT,224,1,0.2662337662337662,0.7272727272727273,0.6205357142857143,1,0.022321428571428572,1,0.9553571428571429,1,0.09821428571428571,0,0.11160714285714286,1,0.23660714285714285,1,0.26785714285714285,0,0.16071428571428573,0,0.26339285714285715,1,0.17410714285714285,1,0.017857142857142856,1
2022-01-31,95037,2,"[50,80) SVI",Automated CICT,148,0,0.300982800982801,NA,0.777027027027027,NA,0.060810810810810814,NA,0.9527027027027027,NA,0.14189189189189189,NA,0.1554054054054054,NA,0.19594594594594594,NA,0.32432432432432434,NA,0.1554054054054054,NA,0.32432432432432434,NA,0.1891891891891892,NA,0.033783783783783786,NA
2022-01-31,95046,3,"[50,80) SVI",Automated CICT,22,0,0.2644628099173554,NA,0.7272727272727273,NA,0.045454545454545456,NA,1,NA,0.09090909090909091,NA,0.045454545454545456,NA,0.045454545454545456,NA,0.3181818181818182,NA,0.13636363636363635,NA,0.3181818181818182,NA,0.13636363636363635,NA,0.045454545454545456,NA
2022-01-31,95050,4,"[50,80) SVI",Automated CICT,88,0,0.3202479338842975,NA,0.7272727272727273,NA,0.03409090909090909,NA,0.9659090909090909,NA,0.17045454545454544,NA,0.22727272727272727,NA,0.23863636363636365,NA,0.3409090909090909,NA,0.2159090909090909,NA,0.3409090909090909,NA,0.25,NA,0.011363636363636364,NA
2022-01-31,95110,5,"[80,100] SVI",Manual CICT,71,18,0.29577464788732394,0.4696969696969697,0.704225352112676,0.8888888888888888,0.056338028169014086,0.1111111111111111,0.8591549295774648,0.8888888888888888,0.15492957746478872,0.2777777777777778,0.22535211267605634,0.4444444444444444,0.2676056338028169,0.4444444444444444,0.22535211267605634,0.3333333333333333,0.18309859154929578,0.3333333333333333,0.2676056338028169,0.5,0.22535211267605634,0.5,0.08450704225352113,0.4444444444444444
2022-01-31,95111,5,"[80,100] SVI",Manual CICT,205,43,0.33835920177383594,0.5454545454545454,0.8146341463414634,0.8837209302325582,0.03902439024390244,0.20930232558139536,0.9317073170731708,1,0.18048780487804877,0.3023255813953488,0.25365853658536586,0.5581395348837209,0.22439024390243903,0.4883720930232558,0.4097560975609756,0.4883720930232558,0.18048780487804877,0.37209302325581395,0.43902439024390244,0.6046511627906976,0.22439024390243903,0.5581395348837209,0.024390243902439025,0.5348837209302325
2022-01-31,95112,4,"[80,100] SVI",Automated CICT,205,1,0.29223946784922394,0.8181818181818182,0.8048780487804879,1,0.03902439024390244,0,0.848780487804878,1,0.11707317073170732,1,0.2,1,0.2097560975609756,1,0.2926829268292683,1,0.17073170731707318,1,0.3024390243902439,1,0.1902439024390244,1,0.03902439024390244,0
2022-01-31,95116,4,"[80,100] SVI",Automated CICT,184,1,0.2618577075098814,0.8181818181818182,0.7336956521739131,1,0.05434782608695652,0,0.875,1,0.11413043478260869,1,0.14673913043478262,1,0.1956521739130435,1,0.22826086956521738,1,0.11956521739130435,0,0.22826086956521738,1,0.1358695652173913,1,0.04891304347826087,1
2022-01-31,95117,4,"[80,100] SVI",Automated CICT,122,0,0.2660208643815201,NA,0.680327868852459,NA,0.00819672131147541,NA,0.9344262295081968,NA,0.06557377049180328,NA,0.1721311475409836,NA,0.2459016393442623,NA,0.22950819672131148,NA,0.14754098360655737,NA,0.23770491803278687,NA,0.1721311475409836,NA,0.03278688524590164,NA
2022-01-31,95121,5,"[80,100] SVI",Manual CICT,107,16,0.31945624468988953,0.5852272727272727,0.8317757009345794,0.8125,0.04672897196261682,0.375,0.9532710280373832,1,0.16822429906542055,0.4375,0.27102803738317754,0.625,0.21495327102803738,0.5,0.308411214953271,0.5,0.16822429906542055,0.4375,0.3177570093457944,0.625,0.19626168224299065,0.625,0.037383177570093455,0.5
2022-01-31,95122,5,"[80,100] SVI",Manual CICT,206,40,0.31685789938217124,0.509090909090909,0.8009708737864077,0.875,0.05825242718446602,0.175,0.9368932038834952,0.95,0.14563106796116504,0.225,0.2961165048543689,0.525,0.1941747572815534,0.55,0.3300970873786408,0.375,0.1650485436893204,0.275,0.33980582524271846,0.625,0.18446601941747573,0.55,0.03398058252427184,0.475
2022-01-31,95123,3,"[50,80) SVI",Automated CICT,181,0,0.31491712707182323,NA,0.7403314917127072,NA,0.06077348066298342,NA,0.9116022099447514,NA,0.13259668508287292,NA,0.19889502762430938,NA,0.292817679558011,NA,0.3370165745856354,NA,0.19889502762430938,NA,0.3370165745856354,NA,0.20994475138121546,NA,0.04419889502762431,NA
2022-01-31,95125,4,"[50,80) SVI",Automated CICT,144,0,0.25441919191919193,NA,0.7291666666666666,NA,0.020833333333333332,NA,0.7847222222222222,NA,0.06944444444444445,NA,0.125,NA,0.2361111111111111,NA,0.24305555555555555,NA,0.1111111111111111,NA,0.2777777777777778,NA,0.1388888888888889,NA,0.0625,NA
2022-01-31,95126,2,"[50,80) SVI",Automated CICT,94,0,0.2988394584139265,NA,0.7340425531914894,NA,0.031914893617021274,NA,0.7659574468085106,NA,0.18085106382978725,NA,0.14893617021276595,NA,0.2553191489361702,NA,0.35106382978723405,NA,0.19148936170212766,NA,0.3723404255319149,NA,0.2127659574468085,NA,0.0425531914893617,NA
2022-01-31,95127,5,"[80,100] SVI",Manual CICT,217,40,0.32760787599497276,0.6045454545454545,0.7511520737327189,0.875,0.0967741935483871,0.15,0.9400921658986175,1,0.17511520737327188,0.3,0.28110599078341014,0.7,0.25806451612903225,0.55,0.3225806451612903,0.575,0.17511520737327188,0.6,0.3456221198156682,0.65,0.20276497695852536,0.65,0.055299539170506916,0.6
2022-01-31,95128,5,"[80,100] SVI",Manual CICT,115,12,0.2924901185770751,0.48484848484848486,0.6782608695652174,0.75,0.043478260869565216,0.08333333333333333,0.9391304347826087,1,0.19130434782608696,0.25,0.26956521739130435,0.5,0.19130434782608696,0.3333333333333333,0.26956521739130435,0.5833333333333334,0.16521739130434782,0.4166666666666667,0.26956521739130435,0.5,0.1826086956521739,0.5,0.017391304347826087,0.4166666666666667
2022-01-31,95131,4,"[50,80) SVI",Automated CICT,71,0,0.29833546734955185,NA,0.7323943661971831,NA,0.04225352112676056,NA,0.9014084507042254,NA,0.14084507042253522,NA,0.19718309859154928,NA,0.23943661971830985,NA,0.30985915492957744,NA,0.18309859154929578,NA,0.30985915492957744,NA,0.19718309859154928,NA,0.028169014084507043,NA
2022-01-31,95132,3,"[50,80) SVI",Automated CICT,115,0,0.324901185770751,NA,0.7304347826086957,NA,0.034782608695652174,NA,0.9739130434782609,NA,0.16521739130434782,NA,0.1826086956521739,NA,0.30434782608695654,NA,0.33043478260869563,NA,0.23478260869565218,NA,0.33043478260869563,NA,0.25217391304347825,NA,0.034782608695652174,NA
2022-01-31,95133,4,"[80,100] SVI",Automated CICT,67,0,0.27137042062415195,NA,0.746268656716418,NA,0.014925373134328358,NA,0.9253731343283582,NA,0.1044776119402985,NA,0.05970149253731343,NA,0.19402985074626866,NA,0.29850746268656714,NA,0.13432835820895522,NA,0.3283582089552239,NA,0.14925373134328357,NA,0.029850746268656716,NA
2022-01-31,95136,2,"[50,80) SVI",Automated CICT,117,0,0.27195027195027194,NA,0.717948717948718,NA,0.06837606837606838,NA,0.8632478632478633,NA,0.1282051282051282,NA,0.11965811965811966,NA,0.23076923076923078,NA,0.27350427350427353,NA,0.1282051282051282,NA,0.27350427350427353,NA,0.1794871794871795,NA,0.008547008547008548,NA
2022-01-31,95148,4,"[50,80) SVI",Automated CICT,165,0,0.24573002754820936,NA,0.6666666666666666,NA,0.01818181818181818,NA,0.8606060606060606,NA,0.11515151515151516,NA,0.12121212121212122,NA,0.15757575757575756,NA,0.24848484848484848,NA,0.10303030303030303,NA,0.24242424242424243,NA,0.13333333333333333,NA,0.03636363636363636,NA
